ekg,answer_valence,answer_arousal
495,5,3.210645751953125
498,,
502,,
505,,
507,,
510,,
512,,
514,,
516,,
517,,
518,,
520,,
521,,
523,,
524,,
524,,
524,,
524,,
524,,
524,,
523,,
523,,
524,,
527,,
529,,
534,,
538,,
542,,
546,,
551,,
555,,
560,,
566,,
572,,
575,,
577,,
579,,
580,,
582,,
581,,
580,,
578,,
577,,
577,,
578,,
578,,
578,,
577,,
576,,
575,,
572,,
568,,
565,,
561,,
555,,
550,,
544,,
540,,
536,,
532,,
527,,
524,,
519,,
513,,
509,,
504,,
499,,
496,,
492,,
487,,
482,,
477,,
473,,
468,,
464,,
461,,
458,,
455,,
454,,
452,,
451,,
449,,
447,,
446,,
444,,
441,,
440,,
439,,
438,,
438,,
437,,
438,,
439,,
439,,
439,,
438,,
438,,
439,,
440,,
440,,
440,,
441,,
442,,
443,,
444,,
445,,
445,,
446,,
447,,
447,,
447,,
448,,
449,,
450,,
451,,
451,,
453,,
454,,
455,,
456,,
456,,
456,,
456,,
457,,
459,,
459,,
460,,
460,,
461,,
461,,
462,,
462,,
460,,
459,,
458,,
456,,
454,,
449,,
445,,
441,,
436,,
431,,
427,,
423,,
420,,
419,,
419,,
422,,
425,,
429,,
434,,
440,,
448,,
459,,
474,,
489,,
505,,
524,,
544,,
563,,
582,,
600,,
621,,
643,,
665,,
689,,
712,,
739,,
768,,
801,,
831,,
856,,
875,,
887,,
888,,
875,,
844,,
796,,
742,,
683,,
623,,
569,,
520,,
476,,
438,,
407,,
380,,
357,,
337,,
323,,
315,,
311,,
309,,
308,,
307,,
307,,
306,,
308,,
312,,
317,,
325,,
335,,
344,,
354,,
364,,
374,,
384,,
394,,
404,,
413,,
422,,
430,,
436,,
443,,
448,,
451,,
455,,
459,,
461,,
464,,
466,,
468,,
469,,
471,,
472,,
474,,
475,,
475,,
476,,
478,,
479,,
481,,
483,,
484,,
486,,
487,,
488,,
488,,
488,,
490,,
491,,
492,,
492,,
493,,
493,,
495,,
495,,
496,,
497,,
498,,
498,,
499,,
499,,
500,,
501,,
501,,
502,,
502,,
502,,
503,,
504,,
504,,
506,,
506,,
507,,
507,,
508,,
508,,
509,,
510,,
511,,
511,,
511,,
512,,
512,,
512,,
513,,
513,,
515,,
515,,
515,,
516,,
517,,
518,,
518,,
518,,
518,,
518,,
518,,
518,,
518,,
519,,
519,,
519,,
521,,
522,,
523,,
523,,
523,,
524,,
525,,
526,,
527,,
527,,
527,,
527,,
527,,
527,,
527,,
527,,
527,,
527,,
527,,
528,,
529,,
530,,
529,,
530,,
531,,
531,,
531,,
531,,
531,,
531,,
532,,
532,,
532,,
532,,
534,,
534,,
533,,
534,,
534,,
534,,
534,,
534,,
533,,
532,,
532,,
533,,
534,,
534,,
535,,
535,,
535,,
535,,
535,,
536,,
536,,
536,,
537,,
536,,
534,,
534,,
534,,
533,,
532,,
532,,
532,,
532,,
532,,
533,,
534,,
535,,
534,,
534,,
535,,
534,,
533,,
531,,
531,,
531,,
531,,
532,,
534,,
534,,
534,,
535,,
536,,
536,,
536,,
537,,
536,,
537,,
537,,
537,,
536,,
536,,
536,,
536,,
537,,
537,,
537,,
537,,
537,,
537,,
536,,
536,,
534,,
534,,
534,,
534,,
533,,
533,,
534,,
533,,
531,,
531,,
530,,
529,,
529,,
528,,
527,,
526,,
525,,
524,,
524,,
524,,
523,,
521,,
521,,
521,,
520,,
519,,
517,,
515,,
514,,
512,,
512,,
511,,
510,,
509,,
508,,
507,,
506,,
505,,
504,,
504,,
504,,
504,,
504,,
504,,
504,,
503,,
502,,
502,,
502,,
500,,
499,,
499,,
498,,
497,,
497,,
497,,
497,,
496,,
496,,
496,,
496,,
497,,
497,,
497,,
498,,
498,,
498,,
499,,
500,,
500,,
502,,
502,,
503,,
504,,
504,,
505,,
504,,
505,,
505,,
506,,
507,,
507,,
507,,
507,,
508,,
509,,
509,,
509,,
510,,
509,,
509,,
509,,
510,,
511,,
511,,
512,,
513,,
514,,
515,,
516,,
517,,
518,,
518,,
518,,
518,,
519,,
520,,
520,,
520,,
519,,
519,,
520,,
520,,
521,,
520,,
520,,
519,,
520,,
520,,
520,,
520,,
521,,
521,,
522,,
522,,
523,,
522,,
522,,
523,,
523,,
523,,
524,,
523,,
524,,
524,,
524,,
525,,
524,,
524,,
524,,
524,,
524,,
524,,
524,,
525,,
526,,
526,,
526,,
526,,
526,,
526,,
526,,
525,,
525,,
524,,
524,,
523,,
523,,
523,,
523,,
523,,
523,,
523,,
523,,
521,,
519,,
519,,
519,,
519,,
519,,
519,,
519,,
519,,
519,,
520,,
519,,
520,,
518,,
518,,
518,,
518,,
517,,
516,,
516,,
515,,
516,,
516,,
515,,
515,,
514,,
512,,
512,,
512,,
512,,
512,,
512,,
512,,
513,,
514,,
516,,
518,,
519,,
521,,
524,,
527,,
530,,
533,,
536,,
539,,
540,,
542,,
542,,
543,,
546,,
547,,
547,,
548,,
549,,
550,,
548,,
548,,
548,,
547,,
547,,
546,,
547,,
549,,
553,,
557,,
560,,
564,,
568,,
573,,
575,,
579,,
585,,
591,,
596,,
599,,
601,,
604,,
606,,
606,,
605,,
604,,
604,,
604,,
604,,
604,,
604,,
604,,
603,,
600,,
599,,
596,,
593,,
589,,
584,,
578,,
574,,
570,,
567,,
562,,
557,,
552,,
547,,
543,,
537,,
532,,
528,,
524,,
519,,
514,,
511,,
508,,
504,,
500,,
497,,
494,,
491,,
488,,
485,,
483,,
480,,
476,,
475,,
473,,
471,,
467,,
465,,
464,,
464,,
464,,
465,,
464,,
465,,
465,,
465,,
465,,
465,,
466,,
466,,
467,,
468,,
470,,
470,,
470,,
471,,
472,,
472,,
473,,
473,,
473,,
473,,
474,,
475,,
474,,
475,,
476,,
476,,
476,,
474,,
473,,
473,,
472,,
473,,
474,,
475,,
476,,
477,,
478,,
478,,
479,,
479,,
479,,
480,,
481,,
480,,
479,,
476,,
472,,
470,,
466,,
463,,
459,,
455,,
451,,
447,,
445,,
445,,
446,,
448,,
451,,
456,,
462,,
470,,
479,,
492,,
508,,
524,,
541,,
560,,
580,,
598,,
615,,
634,,
653,,
674,,
697,,
720,,
744,,
771,,
802,,
834,,
861,,
881,,
894,,
900,,
896,,
876,,
839,,
788,,
732,,
674,,
619,,
570,,
528,,
491,,
459,,
433,,
410,,
391,,
376,,
363,,
353,,
346,,
340,,
339,,
338,,
339,,
339,,
339,,
340,,
342,,
345,,
351,,
357,,
365,,
373,,
382,,
391,,
399,,
409,,
420,,
431,,
440,,
449,,
457,,
464,,
470,,
475,,
479,,
481,,
484,,
487,,
489,,
492,,
493,,
493,,
494,,
496,,
497,,
499,,
501,,
501,,
503,,
504,,
506,,
508,,
509,,
511,,
512,,
513,,
515,,
516,,
516,,
518,,
518,,
519,,
519,,
520,,
521,,
522,,
523,,
524,,
525,,
525,,
525,,
525,,
526,,
526,,
526,,
527,,
527,,
527,,
528,,
529,,
530,,
530,,
530,,
532,,
532,,
532,,
532,,
533,,
534,,
535,,
535,,
535,,
534,,
534,,
533,,
533,,
533,,
533,,
534,,
535,,
536,,
536,,
538,,
540,,
540,,
540,,
542,,
542,,
543,,
544,,
544,,
544,,
544,,
544,,
545,,
545,,
545,,
545,,
545,,
544,,
544,,
545,,
546,,
545,,
545,,
545,,
545,,
545,,
545,,
545,,
544,,
544,,
543,,
543,,
543,,
544,,
544,,
545,,
547,,
547,,
547,,
548,,
549,,
550,,
550,,
551,,
553,,
552,,
551,,
552,,
552,,
553,,
553,,
552,,
552,,
552,,
553,,
553,,
554,,
553,,
551,,
551,,
551,,
551,,
549,,
548,,
547,,
546,,
546,,
545,,
545,,
546,,
547,,
547,,
547,,
546,,
546,,
546,,
547,,
548,,
548,,
548,,
548,,
547,,
547,,
547,,
547,,
547,,
549,,
549,,
549,,
550,,
550,,
550,,
550,,
551,,
551,,
551,,
551,,
550,,
549,,
548,,
549,,
549,,
550,,
550,,
550,,
550,,
550,,
550,,
550,,
551,,
550,,
551,,
551,,
550,,
549,,
548,,
547,,
547,,
546,,
546,,
545,,
545,,
546,,
545,,
544,,
543,,
542,,
542,,
540,,
540,,
539,,
537,,
535,,
534,,
533,,
533,,
531,,
531,,
530,,
529,,
528,,
527,,
526,,
524,,
522,,
520,,
519,,
518,,
518,,
517,,
517,,
517,,
516,,
515,,
513,,
511,,
512,,
511,,
510,,
509,,
508,,
508,,
507,,
507,,
508,,
510,,
511,,
510,,
510,,
510,,
510,,
510,,
510,,
509,,
508,,
508,,
507,,
507,,
507,,
507,,
508,,
509,,
509,,
509,,
508,,
508,,
508,,
508,,
509,,
510,,
510,,
510,,
510,,
510,,
510,,
510,,
511,,
512,,
513,,
514,,
515,,
515,,
516,,
517,,
518,,
518,,
519,,
519,,
521,,
524,,
526,,
527,,
527,,
527,,
527,,
527,,
526,,
526,,
526,,
526,,
526,,
526,,
527,,
528,,
527,,
528,,
529,,
529,,
530,,
529,,
529,,
530,,
531,,
531,,
531,,
531,,
531,,
531,,
531,,
531,,
531,,
530,,
530,,
529,,
529,,
528,,
527,,
527,,
527,,
527,,
527,,
527,,
527,,
527,,
526,,
526,,
527,,
527,,
527,,
527,,
527,,
526,,
525,,
524,,
525,,
525,,
524,,
523,,
524,,
523,,
522,,
522,,
522,,
523,,
522,,
522,,
521,,
519,,
519,,
519,,
518,,
518,,
517,,
516,,
516,,
516,,
515,,
516,,
515,,
515,,
514,,
514,,
513,,
513,,
513,,
513,,
513,,
512,,
511,,
511,,
512,,
513,,
513,,
514,,
516,,
518,,
520,,
523,,
527,,
530,,
532,,
534,,
536,,
536,,
537,,
539,,
540,,
541,,
543,,
546,,
546,,
546,,
545,,
544,,
543,,
543,,
543,,
543,,
543,,
544,,
546,,
550,,
554,,
558,,
561,,
565,,
569,,
572,,
577,,
582,,
588,,
591,,
593,,
596,,
598,,
599,,
599,,
599,,
598,,
598,,
596,,
596,,
595,,
594,,
593,,
590,,
588,,
585,,
580,,
576,,
571,,
567,,
563,,
558,,
554,,
550,,
545,,
540,,
535,,
531,,
526,,
522,,
517,,
514,,
511,,
508,,
504,,
499,,
495,,
491,,
487,,
485,,
482,,
479,,
477,,
475,,
473,,
471,,
469,,
466,,
463,,
462,,
460,,
459,,
457,,
456,,
457,,
457,,
456,,
457,,
458,,
458,,
459,,
460,,
460,,
460,,
460,,
461,,
460,,
460,,
459,,
459,,
459,,
458,,
458,,
459,,
459,,
458,,
458,,
459,,
459,,
459,,
460,,
461,,
461,,
462,,
462,,
463,,
465,,
465,,
466,,
466,,
467,,
468,,
470,,
471,,
472,,
472,,
472,,
472,,
472,,
472,,
471,,
468,,
466,,
463,,
459,,
455,,
451,,
447,,
444,,
440,,
439,,
438,,
439,,
441,,
444,,
446,,
451,,
457,,
467,,
480,,
495,,
510,,
525,,
543,,
562,,
579,,
596,,
613,,
633,,
653,,
673,,
696,,
721,,
749,,
780,,
812,,
840,,
861,,
876,,
884,,
880,,
862,,
828,,
780,,
725,,
669,,
615,,
568,,
526,,
491,,
461,,
436,,
413,,
394,,
379,,
365,,
353,,
344,,
337,,
332,,
330,,
329,,
327,,
327,,
327,,
329,,
331,,
333,,
337,,
344,,
351,,
359,,
367,,
375,,
385,,
395,,
405,,
416,,
426,,
435,,
444,,
450,,
455,,
461,,
465,,
469,,
472,,
474,,
476,,
478,,
480,,
481,,
483,,
485,,
487,,
488,,
488,,
489,,
490,,
491,,
492,,
494,,
494,,
496,,
496,,
498,,
498,,
498,,
498,,
500,,
501,,
503,,
504,,
504,,
505,,
506,,
507,,
508,,
508,,
509,,
510,,
510,,
510,,
510,,
510,,
511,,
512,,
513,,
513,,
513,,
513,,
514,,
515,,
515,,
514,,
514,,
515,,
515,,
516,,
517,,
518,,
518,,
518,,
519,,
519,,
519,,
521,,
521,,
521,,
522,,
524,,
524,,
524,,
525,,
526,,
527,,
527,,
527,,
527,,
527,,
527,,
528,,
528,,
529,,
529,,
530,,
530,,
531,,
532,,
532,,
534,,
534,,
533,,
532,,
532,,
531,,
530,,
529,,
530,,
531,,
531,,
532,,
533,,
535,,
536,,
536,,
538,,
539,,
541,,
542,,
542,,
541,,
542,,
541,,
541,,
540,,
539,,
538,,
537,,
537,,
536,,
536,,
535,,
535,,
535,,
535,,
534,,
534,,
534,,
534,,
535,,
535,,
536,,
537,,
537,,
538,,
539,,
539,,
539,,
538,,
537,,
537,,
536,,
536,,
536,,
535,,
535,,
534,,
534,,
534,,
534,,
535,,
536,,
535,,
535,,
535,,
536,,
536,,
536,,
536,,
536,,
536,,
538,,
539,,
539,,
540,,
540,,
540,,
539,,
540,,
540,,
540,,
540,,
540,,
540,,
541,,
542,,
541,,
541,,
541,,
541,,
541,,
541,,
541,,
543,,
543,,
542,,
541,,
541,,
542,,
542,,
542,,
541,,
540,,
541,,
539,,
539,,
537,,
535,,
534,,
532,,
531,,
529,,
529,,
527,,
524,,
523,,
521,,
520,,
518,,
517,,
515,,
514,,
514,,
512,,
511,,
511,,
509,,
509,,
508,,
508,,
508,,
508,,
507,,
507,,
507,,
507,,
506,,
506,,
507,,
506,,
505,,
505,,
505,,
505,,
504,,
502,,
501,,
501,,
501,,
502,,
502,,
503,,
503,,
503,,
504,,
504,,
503,,
503,,
503,,
503,,
504,,
504,,
504,,
504,,
504,,
504,,
504,,
505,,
505,,
506,,
507,,
507,,
507,,
508,,
508,,
509,,
510,,
511,,
512,,
511,,
512,,
512,,
512,,
512,,
512,,
511,,
512,,
512,,
513,,
515,,
515,,
515,,
514,,
514,,
515,,
515,,
515,,
516,,
517,,
517,,
516,,
517,,
518,,
519,,
519,,
519,,
519,,
519,,
522,,
523,,
524,,
522,,
521,,
522,,
522,,
523,,
522,,
521,,
523,,
523,,
523,,
523,,
522,,
522,,
522,,
522,,
522,,
521,,
521,,
521,,
521,,
521,,
521,,
522,,
522,,
521,,
521,,
521,,
520,,
519,,
520,,
521,,
520,,
520,,
521,,
521,,
519,,
518,,
518,,
517,,
517,,
516,,
515,,
515,,
515,,
515,,
514,,
514,,
514,,
514,,
514,,
515,,
514,,
514,,
514,,
514,,
515,,
514,,
515,,
514,,
514,,
513,,
512,,
512,,
512,,
511,,
511,,
511,,
512,,
512,,
511,,
511,,
510,,
510,,
508,,
507,,
506,,
506,,
506,,
506,,
506,,
505,,
504,,
504,,
505,,
505,,
506,,
506,,
507,,
509,,
511,,
514,,
516,,
519,,
522,,
526,,
529,,
532,,
535,,
536,,
537,,
538,,
540,,
542,,
543,,
545,,
546,,
547,,
546,,
546,,
546,,
546,,
545,,
544,,
544,,
546,,
548,,
551,,
555,,
559,,
562,,
566,,
570,,
575,,
581,,
587,,
593,,
597,,
600,,
602,,
603,,
604,,
604,,
604,,
603,,
602,,
601,,
601,,
601,,
601,,
599,,
597,,
595,,
592,,
588,,
583,,
578,,
572,,
567,,
561,,
556,,
552,,
547,,
543,,
539,,
535,,
530,,
525,,
521,,
517,,
513,,
510,,
506,,
503,,
498,,
495,,
491,,
487,,
483,,
480,,
478,,
476,,
474,,
472,,
470,,
467,,
465,,
462,,
460,,
459,,
459,,
459,,
458,,
458,,
457,,
458,,
459,,
459,,
460,,
460,,
461,,
462,,
462,,
462,,
463,,
464,,
463,,
465,,
466,,
467,,
469,,
470,,
470,,
470,,
470,,
470,,
469,,
470,,
471,,
471,,
471,,
471,,
472,,
472,,
472,,
473,,
474,,
475,,
475,,
476,,
477,,
477,,
477,,
478,,
479,,
479,,
480,,
480,,
479,,
477,,
475,,
471,,
467,,
462,,
456,,
451,,
446,,
444,,
443,,
443,,
446,,
449,,
453,,
457,,
463,,
472,,
482,,
495,,
510,,
525,,
543,,
562,,
580,,
598,,
615,,
635,,
653,,
674,,
697,,
719,,
745,,
774,,
805,,
836,,
862,,
881,,
893,,
897,,
887,,
861,,
818,,
765,,
707,,
649,,
596,,
547,,
506,,
469,,
437,,
410,,
387,,
368,,
352,,
342,,
335,,
331,,
330,,
330,,
329,,
327,,
328,,
329,,
332,,
337,,
343,,
350,,
360,,
369,,
379,,
389,,
399,,
410,,
421,,
431,,
441,,
449,,
457,,
463,,
469,,
474,,
479,,
483,,
487,,
490,,
492,,
494,,
496,,
497,,
498,,
499,,
500,,
501,,
503,,
504,,
505,,
506,,
508,,
508,,
509,,
510,,
510,,
512,,
512,,
513,,
513,,
515,,
515,,
515,,
515,,
515,,
515,,
515,,
516,,
516,,
517,,
518,,
519,,
520,,
520,,
521,,
521,,
523,,
523,,
524,,
524,,
526,,
527,,
528,,
529,,
531,,
532,,
532,,
532,,
532,,
532,,
533,,
533,,
535,,
536,,
536,,
536,,
537,,
536,,
537,,
536,,
536,,
537,,
537,,
536,,
536,,
536,,
536,,
536,,
537,,
537,,
537,,
538,,
539,,
540,,
542,,
543,,
543,,
544,,
545,,
545,,
546,,
546,,
547,,
546,,
546,,
545,,
546,,
547,,
547,,
547,,
547,,
547,,
547,,
547,,
547,,
548,,
548,,
548,,
550,,
551,,
551,,
553,,
553,,
553,,
553,,
553,,
553,,
553,,
553,,
553,,
552,,
552,,
552,,
552,,
551,,
551,,
552,,
552,,
552,,
552,,
552,,
551,,
551,,
551,,
551,,
550,,
550,,
550,,
551,,
551,,
552,,
552,,
552,,
552,,
551,,
551,,
550,,
550,,
550,,
550,,
550,,
551,,
551,,
550,,
550,,
550,,
551,,
551,,
551,,
551,,
552,,
552,,
551,,
551,,
551,,
550,,
550,,
551,,
550,,
550,,
550,,
551,,
551,,
551,,
551,,
551,,
551,,
551,,
551,,
551,,
551,,
550,,
550,,
551,,
551,,
551,,
551,,
551,,
551,,
551,,
549,,
549,,
548,,
547,,
547,,
547,,
546,,
545,,
545,,
543,,
541,,
539,,
538,,
536,,
535,,
534,,
533,,
532,,
531,,
531,,
530,,
528,,
527,,
526,,
525,,
525,,
524,,
523,,
521,,
521,,
521,,
519,,
519,,
518,,
518,,
516,,
515,,
515,,
516,,
515,,
515,,
515,,
515,,
512,,
511,,
510,,
510,,
510,,
509,,
510,,
509,,
508,,
508,,
509,,
509,,
509,,
510,,
510,,
510,,
510,,
509,,
508,,
509,,
509,,
510,,
511,,
511,,
511,,
512,,
511,,
512,,
512,,
513,,
514,,
514,,
516,,
516,,
516,,
516,,
517,,
518,,
518,,
518,,
518,,
519,,
519,,
519,,
519,,
519,,
519,,
518,,
517,,
519,,
521,,
520,,
520,,
521,,
522,,
523,,
524,,
524,,
524,,
524,,
524,,
524,,
525,,
525,,
526,,
526,,
525,,
526,,
526,,
527,,
527,,
527,,
527,,
528,,
528,,
529,,
529,,
529,,
528,,
528,,
527,,
527,,
527,,
526,,
526,,
527,,
525,,
525,,
525,,
525,,
525,,
525,,
526,,
526,,
526,,
525,,
524,,
524,,
523,,
523,,
522,,
522,,
523,,
524,,
523,,
523,,
523,,
522,,
522,,
521,,
521,,
520,,
519,,
519,,
519,,
519,,
519,,
520,,
519,,
519,,
520,,
519,,
519,,
519,,
519,,
519,,
520,,
519,,
518,,
518,,
516,,
514,,
514,,
514,,
514,,
514,,
515,,
515,,
515,,
515,,
515,,
515,,
515,,
515,,
513,,
515,,
514,,
514,,
514,,
513,,
513,,
513,,
513,,
513,,
513,,
512,,
512,,
512,,
512,,
512,,
512,,
512,,
512,,
512,,
513,,
514,,
516,,
519,,
521,,
524,,
527,,
530,,
533,,
537,,
540,,
542,,
543,,
544,,
546,,
548,,
551,,
552,,
555,,
556,,
556,,
556,,
556,,
555,,
554,,
554,,
555,,
554,,
554,,
556,,
559,,
562,,
565,,
568,,
571,,
574,,
579,,
584,,
591,,
596,,
600,,
604,,
604,,
606,,
607,,
606,,
605,,
604,,
604,,
603,,
602,,
601,,
600,,
599,,
597,,
595,,
592,,
589,,
585,,
580,,
575,,
571,,
566,,
561,,
556,,
549,,
545,,
541,,
536,,
531,,
527,,
523,,
519,,
515,,
511,,
506,,
502,,
497,,
493,,
489,,
487,,
483,,
480,,
479,,
477,,
474,,
473,,
471,,
467,,
465,,
463,,
462,,
460,,
459,,
458,,
459,,
458,,
458,,
458,,
458,,
458,,
459,,
461,,
462,,
462,,
463,,
464,,
464,,
465,,
465,,
464,,
466,,
466,,
466,,
467,,
466,,
467,,
467,,
465,,
465,,
465,,
466,,
467,,
467,,
467,,
468,,
469,,
470,,
471,,
472,,
473,,
472,,
473,,
473,,
473,,
474,,
475,,
475,,
475,,
475,,
474,,
473,,
471,,
469,,
465,,
462,,
458,,
453,,
448,,
445,,
442,,
440,,
439,,
440,,
443,,
446,,
449,,
454,,
461,,
471,,
483,,
498,,
512,,
529,,
547,,
566,,
583,,
602,,
621,,
641,,
663,,
686,,
709,,
736,,
765,,
797,,
830,,
858,,
880,,
895,,
902,,
896,,
873,,
833,,
782,,
726,,
667,,
611,,
561,,
516,,
476,,
441,,
413,,
389,,
368,,
351,,
340,,
333,,
330,,
329,,
327,,
326,,
324,,
324,,
327,,
329,,
335,,
343,,
353,,
363,,
372,,
381,,
390,,
400,,
410,,
421,,
432,,
441,,
449,,
456,,
462,,
468,,
473,,
478,,
481,,
485,,
487,,
489,,
491,,
491,,
492,,
493,,
494,,
495,,
496,,
496,,
496,,
496,,
496,,
496,,
498,,
499,,
500,,
502,,
503,,
504,,
505,,
506,,
507,,
508,,
510,,
511,,
512,,
512,,
512,,
513,,
514,,
515,,
516,,
516,,
516,,
515,,
515,,
516,,
517,,
518,,
520,,
520,,
521,,
522,,
522,,
523,,
524,,
525,,
526,,
526,,
527,,
528,,
529,,
530,,
530,,
531,,
531,,
531,,
532,,
531,,
531,,
531,,
532,,
532,,
533,,
534,,
534,,
535,,
535,,
536,,
537,,
538,,
540,,
541,,
541,,
542,,
542,,
543,,
543,,
544,,
544,,
543,,
543,,
543,,
543,,
543,,
543,,
544,,
544,,
543,,
543,,
543,,
544,,
545,,
545,,
546,,
545,,
546,,
546,,
547,,
548,,
549,,
548,,
548,,
547,,
547,,
548,,
549,,
549,,
550,,
550,,
551,,
551,,
551,,
551,,
551,,
552,,
552,,
552,,
553,,
555,,
555,,
555,,
556,,
556,,
557,,
557,,
557,,
556,,
555,,
555,,
555,,
555,,
553,,
553,,
552,,
551,,
551,,
552,,
552,,
552,,
553,,
553,,
552,,
553,,
553,,
553,,
554,,
555,,
555,,
554,,
555,,
556,,
556,,
556,,
556,,
556,,
557,,
556,,
556,,
557,,
557,,
557,,
558,,
558,,
557,,
558,,
558,,
560,,
560,,
560,,
559,,
559,,
559,,
560,,
560,,
560,,
559,,
557,,
556,,
555,,
555,,
555,,
553,,
553,,
552,,
550,,
548,,
547,,
546,,
545,,
544,,
543,,
543,,
541,,
540,,
538,,
537,,
535,,
534,,
533,,
532,,
531,,
529,,
529,,
528,,
527,,
528,,
528,,
528,,
526,,
525,,
525,,
525,,
524,,
523,,
524,,
524,,
523,,
521,,
521,,
521,,
521,,
522,,
523,,
523,,
522,,
524,,
524,,
524,,
523,,
522,,
521,,
519,,
519,,
518,,
518,,
518,,
518,,
518,,
516,,
516,,
516,,
515,,
515,,
516,,
518,,
518,,
518,,
517,,
516,,
516,,
516,,
517,,
519,,
519,,
520,,
521,,
522,,
523,,
524,,
524,,
525,,
525,,
525,,
525,,
526,,
526,,
527,,
527,,
527,,
527,,
529,,
529,,
529,,
530,,
530,,
530,,
530,,
531,,
532,,
533,,
535,,
536,,
537,,
539,,
540,,
540,,
541,,
541,,
542,,
542,,
542,,
542,,
542,,
543,,
544,,
544,,
544,,
544,,
545,,
546,,
545,,
545,,
546,,
545,,
546,,
546,,
546,,
546,,
547,,
547,,
547,,
546,,
546,,
545,,
545,,
545,,
544,,
544,,
545,,
546,,
547,,
546,,
546,,
546,,
545,,
544,,
545,,
544,,
544,,
543,,
543,,
543,,
542,,
541,,
541,,
540,,
539,,
540,,
541,,
540,,
540,,
539,,
539,,
539,,
538,,
537,,
536,,
536,,
536,,
535,,
536,,
536,,
536,,
538,,
538,,
539,,
538,,
537,,
539,,
539,,
539,,
539,,
539,,
539,,
538,,
537,,
537,,
537,,
537,,
536,,
536,,
536,,
535,,
534,,
533,,
533,,
533,,
532,,
532,,
532,,
533,,
534,,
535,,
535,,
535,,
535,,
535,,
535,,
535,,
535,,
535,,
536,,
536,,
536,,
536,,
537,,
538,,
539,,
542,,
543,,
545,,
548,,
550,,
554,,
558,,
560,,
562,,
565,,
567,,
568,,
568,,
568,,
570,,
572,,
574,,
576,,
577,,
578,,
577,,
577,,
576,,
576,,
576,,
577,,
576,,
578,,
580,,
583,,
588,,
592,,
597,,
601,,
606,,
610,,
616,,
623,,
628,,
632,,
635,,
638,,
639,,
639,,
639,,
637,,
635,,
634,,
633,,
632,,
633,,
633,,
632,,
629,,
625,,
622,,
617,,
612,,
607,,
602,,
596,,
591,,
585,,
580,,
576,,
571,,
566,,
561,,
556,,
551,,
546,,
542,,
538,,
534,,
530,,
526,,
522,,
518,,
514,,
511,,
508,,
507,,
505,,
504,,
502,,
501,,
498,,
496,,
493,,
490,,
487,,
487,,
485,,
483,,
483,,
483,,
483,,
482,,
483,,
483,,
483,,
483,,
484,,
484,,
485,,
485,,
486,,
486,,
487,,
488,,
489,,
490,,
491,,
491,,
492,,
492,,
493,,
494,,
494,,
494,,
494,,
494,,
493,,
492,,
494,,
496,,
496,,
496,,
497,,
497,,
497,,
498,,
498,,
499,,
500,,
501,,
501,,
501,,
501,,
500,,
499,,
497,,
493,,
490,,
486,,
481,,
475,,
469,,
465,,
462,,
461,,
461,,
463,,
467,,
471,,
476,,
481,,
490,,
500,,
515,,
530,,
546,,
564,,
584,,
603,,
622,,
640,,
660,,
681,,
702,,
725,,
750,,
776,,
806,,
838,,
870,,
896,,
916,,
930,,
933,,
920,,
893,,
849,,
794,,
737,,
679,,
623,,
574,,
530,,
492,,
458,,
431,,
409,,
391,,
375,,
364,,
358,,
354,,
352,,
351,,
350,,
348,,
350,,
353,,
356,,
361,,
369,,
376,,
384,,
391,,
399,,
408,,
419,,
430,,
440,,
449,,
458,,
467,,
473,,
480,,
487,,
491,,
495,,
499,,
502,,
504,,
507,,
508,,
508,,
510,,
511,,
512,,
512,,
513,,
516,,
517,,
518,,
519,,
519,,
519,,
520,,
520,,
521,,
523,,
524,,
524,,
524,,
525,,
526,,
527,,
527,,
527,,
529,,
529,,
530,,
530,,
530,,
530,,
531,,
531,,
532,,
533,,
534,,
534,,
535,,
536,,
537,,
538,,
538,,
539,,
539,,
538,,
540,,
541,,
542,,
542,,
541,,
541,,
542,,
542,,
543,,
543,,
543,,
543,,
543,,
544,,
544,,
546,,
547,,
546,,
546,,
547,,
547,,
547,,
548,,
548,,
548,,
547,,
547,,
547,,
550,,
551,,
551,,
551,,
552,,
552,,
551,,
552,,
553,,
554,,
555,,
555,,
556,,
556,,
556,,
556,,
556,,
556,,
556,,
556,,
557,,
557,,
558,,
557,,
556,,
557,,
557,,
558,,
558,,
558,,
558,,
558,,
558,,
558,,
558,,
559,,
558,,
560,,
561,,
561,,
562,,
563,,
562,,
561,,
561,,
561,,
561,,
560,,
559,,
559,,
559,,
559,,
560,,
560,,
560,,
560,,
559,,
559,,
560,,
560,,
559,,
559,,
559,,
558,,
558,,
557,,
556,,
555,,
556,,
555,,
554,,
553,,
552,,
553,,
553,,
554,,
555,,
554,,
554,,
554,,
554,,
554,,
555,,
554,,
554,,
553,,
553,,
553,,
553,,
553,,
553,,
552,,
552,,
553,,
552,,
552,,
552,,
552,,
552,,
553,,
552,,
552,,
552,,
551,,
551,,
550,,
550,,
548,,
547,,
545,,
543,,
541,,
539,,
537,,
536,,
536,,
535,,
533,,
531,,
531,,
529,,
527,,
526,,
524,,
523,,
521,,
519,,
519,,
516,,
515,,
513,,
512,,
511,,
509,,
508,,
507,,
506,,
505,,
504,,
503,,
503,,
502,,
501,,
500,,
499,,
499,,
497,,
496,,
495,,
494,,
494,,
493,,
492,,
492,,
492,,
492,,
492,,
491,,
491,,
492,,
491,,
491,,
490,,
489,,
490,,
489,,
489,,
489,,
487,,
488,,
489,,
490,,
489,,
488,,
489,,
489,,
489,,
491,,
491,,
491,,
490,,
490,,
490,,
489,,
489,,
490,,
490,,
491,,
492,,
492,,
492,,
493,,
493,,
492,,
492,,
493,,
493,,
493,,
493,,
493,,
493,,
494,,
494,,
495,,
496,,
497,,
497,,
498,,
498,,
499,,
498,,
498,,
498,,
498,,
498,,
499,,
499,,
499,,
500,,
502,,
503,,
503,,
503,,
504,,
503,,
504,,
504,,
504,,
504,,
504,,
504,,
502,,
501,,
501,,
500,,
498,,
497,,
496,,
496,,
495,,
495,,
496,,
497,,
497,,
497,,
497,,
496,,
496,,
496,,
495,,
496,,
496,,
496,,
495,,
495,,
495,,
494,,
494,,
494,,
494,,
494,,
493,,
493,,
492,,
490,,
491,,
490,,
489,,
489,,
488,,
489,,
489,,
488,,
489,,
490,,
490,,
491,,
489,,
487,,
487,,
486,,
485,,
484,,
484,,
483,,
483,,
482,,
483,,
483,,
483,,
482,,
482,,
481,,
480,,
480,,
480,,
479,,
478,,
476,,
476,,
475,,
475,,
475,,
475,,
476,,
475,,
476,,
476,,
476,,
476,,
477,,
479,,
479,,
479,,
480,,
481,,
482,,
484,,
487,,
489,,
492,,
494,,
496,,
496,,
497,,
498,,
499,,
499,,
502,,
504,,
505,,
505,,
505,,
505,,
505,,
505,,
504,,
504,,
505,,
505,,
508,,
510,,
513,,
516,,
519,,
523,,
527,,
531,,
535,,
540,,
546,,
551,,
553,,
556,,
558,,
560,,
561,,
561,,
561,,
561,,
561,,
562,,
563,,
562,,
560,,
558,,
554,,
551,,
547,,
542,,
536,,
529,,
524,,
519,,
514,,
510,,
504,,
500,,
496,,
491,,
487,,
482,,
478,,
473,,
469,,
466,,
463,,
459,,
454,,
450,,
448,,
444,,
440,,
436,,
433,,
431,,
430,,
429,,
427,,
425,,
423,,
422,,
419,,
417,,
415,,
415,,
415,,
415,,
415,,
417,,
418,,
418,,
419,,
418,,
418,,
417,,
417,,
418,,
417,,
417,,
417,,
418,,
419,,
419,,
419,,
418,,
418,,
419,,
419,,
419,,
419,,
421,,
422,,
422,,
423,,
424,,
424,,
426,,
428,,
428,,
428,,
429,,
430,,
430,,
430,,
430,,
430,,
430,,
427,,
428,,
427,,
427,,
427,,
425,,
423,,
422,,
419,,
415,,
411,,
406,,
401,,
398,,
395,,
394,,
394,,
397,,
399,,
402,,
405,,
412,,
420,,
430,,
443,,
459,,
474,,
491,,
510,,
527,,
544,,
560,,
579,,
597,,
616,,
637,,
659,,
686,,
714,,
744,,
775,,
803,,
824,,
840,,
847,,
840,,
821,,
785,,
735,,
679,,
623,,
570,,
523,,
483,,
449,,
419,,
393,,
371,,
353,,
337,,
323,,
312,,
303,,
297,,
294,,
291,,
291,,
291,,
290,,
290,,
291,,
293,,
296,,
302,,
308,,
316,,
324,,
332,,
341,,
352,,
361,,
371,,
380,,
389,,
398,,
405,,
412,,
418,,
423,,
428,,
432,,
435,,
437,,
439,,
441,,
443,,
445,,
448,,
449,,
450,,
452,,
453,,
455,,
456,,
457,,
459,,
459,,
460,,
460,,
461,,
461,,
462,,
463,,
463,,
463,,
465,,
466,,
467,,
467,,
467,,
467,,
468,,
470,,
470,,
472,,
472,,
473,,
474,,
475,,
477,,
479,,
480,,
481,,
481,,
482,,
483,,
483,,
484,,
484,,
486,,
486,,
486,,
486,,
486,,
485,,
485,,
486,,
486,,
486,,
486,,
487,,
487,,
487,,
488,,
489,,
491,,
491,,
492,,
494,,
495,,
496,,
497,,
497,,
498,,
499,,
499,,
499,,
500,,
501,,
502,,
502,,
502,,
503,,
504,,
505,,
505,,
505,,
505,,
505,,
505,,
505,,
505,,
505,,
504,,
503,,
503,,
502,,
503,,
503,,
503,,
504,,
504,,
505,,
506,,
506,,
508,,
508,,
507,,
507,,
508,,
507,,
508,,
508,,
507,,
505,,
504,,
503,,
502,,
502,,
502,,
502,,
502,,
503,,
504,,
505,,
505,,
506,,
508,,
508,,
509,,
510,,
510,,
510,,
509,,
507,,
507,,
508,,
508,,
509,,
509,,
509,,
510,,
509,,
509,,
509,,
509,,
509,,
509,,
509,,
508,,
508,,
508,,
508,,
508,,
509,,
508,,
509,,
510,,
511,,
511,,
511,,
511,,
513,,
513,,
513,,
514,,
514,,
514,,
514,,
514,,
514,,
514,,
513,,
513,,
514,,
515,,
515,,
515,,
515,,
515,,
514,,
513,,
512,,
512,,
512,,
512,,
511,,
510,,
508,,
507,,
505,,
505,,
503,,
502,,
502,,
501,,
500,,
499,,
498,,
496,,
495,,
493,,
492,,
491,,
489,,
487,,
486,,
484,,
484,,
483,,
482,,
481,,
481,,
481,,
480,,
480,,
479,,
479,,
479,,
478,,
480,,
480,,
481,,
482,,
483,,
482,,
481,,
480,,
478,,
478,,
477,,
476,,
475,,
474,,
475,,
474,,
473,,
473,,
472,,
471,,
470,,
469,,
469,,
468,,
467,,
467,,
468,,
468,,
469,,
470,,
471,,
472,,
472,,
473,,
473,,
476,,
477,,
479,,
480,,
481,,
481,,
483,,
483,,
484,,
484,,
482,,
482,,
481,,
481,,
481,,
480,,
482,,
482,,
483,,
484,,
485,,
487,,
487,,
487,,
488,,
490,,
492,,
493,,
494,,
494,,
495,,
495,,
495,,
495,,
496,,
496,,
496,,
495,,
495,,
495,,
495,,
494,,
495,,
495,,
495,,
496,,
496,,
495,,
495,,
494,,
493,,
493,,
493,,
492,,
492,,
492,,
492,,
493,,
493,,
493,,
494,,
493,,
494,,
493,,
494,,
493,,
493,,
491,,
490,,
490,,
489,,
489,,
489,,
489,,
488,,
489,,
488,,
489,,
490,,
490,,
490,,
490,,
491,,
491,,
491,,
491,,
490,,
490,,
490,,
490,,
489,,
489,,
488,,
488,,
487,,
487,,
487,,
487,,
487,,
486,,
485,,
485,,
484,,
484,,
485,,
485,,
484,,
484,,
483,,
484,,
483,,
484,,
485,,
486,,
486,,
486,,
488,,
490,,
491,,
493,,
496,,
497,,
498,,
500,,
502,,
503,,
504,,
505,,
507,,
508,,
510,,
512,,
513,,
514,,
514,,
513,,
513,,
514,,
513,,
514,,
514,,
515,,
518,,
520,,
524,,
526,,
529,,
532,,
536,,
540,,
545,,
549,,
554,,
558,,
560,,
563,,
564,,
566,,
567,,
568,,
568,,
567,,
567,,
569,,
569,,
570,,
569,,
568,,
565,,
562,,
559,,
555,,
550,,
544,,
539,,
533,,
528,,
524,,
520,,
515,,
511,,
506,,
500,,
497,,
493,,
489,,
485,,
482,,
478,,
474,,
470,,
466,,
463,,
459,,
457,,
455,,
452,,
450,,
449,,
446,,
444,,
441,,
438,,
435,,
434,,
433,,
432,,
431,,
430,,
429,,
429,,
429,,
429,,
428,,
429,,
429,,
430,,
431,,
431,,
433,,
435,,
436,,
436,,
438,,
438,,
439,,
438,,
437,,
436,,
435,,
434,,
434,,
434,,
435,,
436,,
436,,
437,,
438,,
439,,
439,,
439,,
439,,
440,,
441,,
442,,
442,,
443,,
443,,
443,,
444,,
444,,
444,,
445,,
445,,
446,,
446,,
445,,
444,,
441,,
439,,
435,,
432,,
428,,
424,,
420,,
416,,
414,,
413,,
415,,
418,,
421,,
424,,
431,,
439,,
449,,
463,,
476,,
490,,
508,,
527,,
545,,
563,,
580,,
598,,
618,,
638,,
659,,
682,,
708,,
735,,
764,,
796,,
823,,
844,,
860,,
866,,
861,,
843,,
810,,
761,,
704,,
647,,
595,,
548,,
510,,
475,,
446,,
422,,
401,,
384,,
369,,
356,,
345,,
335,,
326,,
321,,
319,,
317,,
315,,
313,,
312,,
312,,
313,,
314,,
315,,
319,,
325,,
331,,
338,,
346,,
354,,
364,,
374,,
383,,
393,,
401,,
410,,
417,,
424,,
430,,
435,,
440,,
444,,
447,,
451,,
452,,
454,,
456,,
458,,
460,,
460,,
462,,
464,,
465,,
468,,
469,,
471,,
472,,
472,,
473,,
473,,
474,,
474,,
474,,
475,,
475,,
476,,
477,,
478,,
479,,
479,,
481,,
482,,
483,,
485,,
486,,
486,,
487,,
487,,
488,,
489,,
489,,
490,,
491,,
492,,
493,,
494,,
495,,
496,,
497,,
499,,
499,,
499,,
500,,
501,,
502,,
503,,
503,,
504,,
504,,
505,,
504,,
504,,
505,,
505,,
504,,
504,,
503,,
503,,
504,,
503,,
503,,
503,,
503,,
504,,
504,,
504,,
505,,
505,,
506,,
508,,
509,,
510,,
511,,
511,,
511,,
511,,
512,,
512,,
513,,
513,,
514,,
514,,
513,,
512,,
513,,
513,,
513,,
513,,
512,,
513,,
513,,
514,,
515,,
514,,
514,,
515,,
515,,
516,,
516,,
517,,
518,,
518,,
518,,
518,,
517,,
517,,
517,,
517,,
517,,
517,,
518,,
518,,
517,,
518,,
517,,
518,,
517,,
517,,
518,,
518,,
517,,
517,,
517,,
518,,
518,,
518,,
518,,
518,,
518,,
518,,
519,,
519,,
518,,
517,,
517,,
518,,
518,,
519,,
520,,
521,,
523,,
524,,
525,,
527,,
527,,
526,,
526,,
526,,
526,,
527,,
527,,
528,,
527,,
527,,
526,,
526,,
526,,
526,,
527,,
527,,
526,,
525,,
525,,
525,,
525,,
524,,
523,,
523,,
523,,
522,,
522,,
522,,
521,,
521,,
519,,
519,,
519,,
518,,
517,,
515,,
514,,
514,,
513,,
513,,
512,,
512,,
512,,
511,,
511,,
508,,
506,,
504,,
504,,
503,,
502,,
500,,
500,,
498,,
497,,
496,,
495,,
494,,
492,,
491,,
490,,
489,,
488,,
487,,
486,,
485,,
485,,
485,,
485,,
486,,
486,,
486,,
485,,
485,,
485,,
485,,
485,,
485,,
484,,
484,,
483,,
483,,
483,,
483,,
483,,
483,,
483,,
482,,
482,,
482,,
482,,
482,,
483,,
483,,
483,,
483,,
484,,
484,,
484,,
484,,
485,,
486,,
486,,
486,,
487,,
488,,
489,,
490,,
490,,
492,,
493,,
493,,
494,,
494,,
494,,
495,,
496,,
495,,
496,,
496,,
497,,
497,,
498,,
499,,
499,,
500,,
500,,
501,,
502,,
503,,
503,,
503,,
504,,
505,,
506,,
506,,
506,,
506,,
506,,
506,,
507,,
506,,
505,,
505,,
506,,
506,,
507,,
507,,
507,,
508,,
507,,
507,,
508,,
509,,
510,,
511,,
511,,
511,,
511,,
510,,
510,,
510,,
511,,
511,,
511,,
511,,
510,,
509,,
509,,
509,,
508,,
507,,
507,,
508,,
508,,
508,,
509,,
510,,
510,,
510,,
510,,
510,,
509,,
508,,
507,,
507,,
508,,
507,,
507,,
507,,
505,,
504,,
504,,
504,,
505,,
504,,
504,,
504,,
504,,
504,,
504,,
503,,
502,,
501,,
501,,
501,,
501,,
502,,
502,,
503,,
503,,
503,,
502,,
502,,
502,,
501,,
501,,
500,,
499,,
499,,
499,,
499,,
499,,
499,,
499,,
499,,
499,,
500,,
500,,
502,,
503,,
505,,
507,,
510,,
512,,
514,,
517,,
520,,
521,,
523,,
524,,
525,,
527,,
527,,
529,,
530,,
532,,
535,,
536,,
536,,
537,,
536,,
537,,
537,,
537,,
538,,
539,,
542,,
545,,
549,,
554,,
557,,
560,,
563,,
568,,
574,,
579,,
584,,
587,,
590,,
591,,
591,,
592,,
592,,
591,,
590,,
590,,
589,,
588,,
588,,
586,,
585,,
583,,
579,,
576,,
572,,
568,,
563,,
559,,
555,,
551,,
547,,
542,,
537,,
534,,
529,,
525,,
520,,
516,,
512,,
509,,
505,,
501,,
498,,
494,,
490,,
487,,
483,,
481,,
478,,
476,,
473,,
470,,
468,,
466,,
464,,
461,,
458,,
456,,
455,,
453,,
453,,
453,,
453,,
453,,
453,,
454,,
453,,
453,,
454,,
455,,
455,,
456,,
455,,
456,,
456,,
455,,
455,,
455,,
455,,
456,,
456,,
457,,
458,,
458,,
458,,
459,,
460,,
460,,
460,,
460,,
461,,
461,,
462,,
463,,
462,,
462,,
462,,
462,,
463,,
464,,
464,,
463,,
463,,
464,,
465,,
467,,
468,,
469,,
468,,
465,,
462,,
457,,
453,,
448,,
444,,
440,,
437,,
434,,
433,,
432,,
432,,
436,,
440,,
445,,
450,,
457,,
466,,
478,,
492,,
507,,
523,,
542,,
561,,
578,,
595,,
612,,
632,,
652,,
672,,
693,,
716,,
743,,
772,,
805,,
833,,
857,,
873,,
882,,
883,,
867,,
834,,
787,,
730,,
672,,
615,,
562,,
516,,
477,,
442,,
414,,
390,,
370,,
353,,
340,,
332,,
326,,
323,,
322,,
321,,
321,,
321,,
323,,
325,,
329,,
334,,
340,,
348,,
356,,
363,,
371,,
380,,
390,,
400,,
410,,
421,,
431,,
440,,
447,,
454,,
460,,
465,,
470,,
473,,
476,,
479,,
481,,
483,,
485,,
486,,
487,,
488,,
488,,
489,,
489,,
491,,
492,,
492,,
492,,
494,,
496,,
496,,
496,,
498,,
500,,
501,,
503,,
504,,
504,,
506,,
507,,
508,,
508,,
509,,
510,,
510,,
510,,
510,,
511,,
511,,
512,,
512,,
512,,
513,,
515,,
515,,
515,,
516,,
516,,
518,,
519,,
520,,
520,,
521,,
521,,
522,,
522,,
523,,
523,,
524,,
525,,
526,,
526,,
527,,
527,,
527,,
528,,
527,,
528,,
528,,
528,,
529,,
529,,
529,,
529,,
529,,
530,,
531,,
531,,
532,,
533,,
534,,
534,,
535,,
535,,
536,,
536,,
537,,
537,,
539,,
539,,
540,,
540,,
540,,
540,,
541,,
542,,
541,,
541,,
541,,
541,,
541,,
542,,
543,,
543,,
544,,
545,,
545,,
545,,
546,,
547,,
547,,
547,,
547,,
547,,
547,,
547,,
547,,
547,,
547,,
546,,
546,,
546,,
547,,
547,,
547,,
547,,
546,,
546,,
547,,
547,,
547,,
548,,
548,,
548,,
549,,
550,,
551,,
551,,
550,,
549,,
549,,
550,,
549,,
549,,
551,,
551,,
550,,
550,,
550,,
550,,
551,,
551,,
551,,
551,,
550,,
551,,
550,,
549,,
550,,
549,,
550,,
549,,
549,,
548,,
547,,
548,,
548,,
548,,
548,,
549,,
549,,
550,,
550,,
550,,
550,,
551,,
552,,
552,,
552,,
550,,
549,,
548,,
548,,
547,,
547,,
546,,
545,,
543,,
542,,
540,,
538,,
537,,
536,,
535,,
534,,
532,,
531,,
531,,
529,,
528,,
527,,
526,,
525,,
523,,
522,,
520,,
519,,
518,,
516,,
515,,
513,,
513,,
512,,
512,,
512,,
513,,
513,,
512,,
511,,
510,,
509,,
508,,
508,,
507,,
507,,
506,,
506,,
506,,
506,,
505,,
505,,
505,,
504,,
503,,
502,,
501,,
501,,
501,,
501,,
501,,
501,,
500,,
499,,
500,,
500,,
500,,
501,,
502,,
502,,
503,,
504,,
504,,
504,,
503,,
503,,
503,,
503,,
503,,
503,,
504,,
504,,
503,,
504,,
505,,
506,,
507,,
507,,
507,,
509,,
510,,
511,,
511,,
511,,
511,,
511,,
512,,
513,,
513,,
514,,
514,,
514,,
515,,
515,,
517,,
518,,
517,,
518,,
518,,
518,,
519,,
520,,
520,,
521,,
521,,
522,,
522,,
523,,
523,,
523,,
523,,
523,,
523,,
523,,
524,,
524,,
524,,
525,,
525,,
526,,
526,,
526,,
526,,
526,,
527,,
527,,
527,,
526,,
526,,
526,,
527,,
527,,
526,,
526,,
527,,
527,,
526,,
526,,
526,,
526,,
525,,
525,,
525,,
524,,
524,,
525,,
524,,
524,,
524,,
523,,
523,,
523,,
523,,
524,,
523,,
524,,
524,,
524,,
523,,
523,,
521,,
521,,
520,,
519,,
519,,
519,,
519,,
518,,
517,,
517,,
518,,
518,,
518,,
518,,
518,,
518,,
518,,
519,,
519,,
519,,
519,,
519,,
519,,
519,,
519,,
519,,
519,,
519,,
519,,
518,,
517,,
516,,
516,,
515,,
515,,
516,,
517,,
517,,
517,,
518,,
520,,
523,,
524,,
527,,
530,,
532,,
536,,
539,,
541,,
543,,
546,,
548,,
549,,
551,,
553,,
556,,
557,,
558,,
558,,
558,,
557,,
558,,
558,,
557,,
556,,
557,,
559,,
563,,
566,,
568,,
572,,
574,,
578,,
583,,
589,,
595,,
600,,
604,,
606,,
608,,
609,,
611,,
611,,
610,,
609,,
608,,
607,,
607,,
607,,
607,,
605,,
603,,
601,,
598,,
595,,
592,,
587,,
582,,
577,,
573,,
568,,
563,,
559,,
555,,
550,,
545,,
540,,
536,,
531,,
527,,
522,,
518,,
513,,
510,,
506,,
503,,
499,,
495,,
491,,
488,,
486,,
484,,
482,,
478,,
476,,
473,,
471,,
469,,
468,,
467,,
467,,
468,,
468,,
468,,
469,,
469,,
469,,
470,,
471,,
471,,
472,,
472,,
473,,
474,,
475,,
474,,
475,,
475,,
475,,
475,,
475,,
476,,
477,,
478,,
479,,
479,,
480,,
481,,
482,,
484,,
484,,
486,,
486,,
487,,
487,,
487,,
487,,
488,,
487,,
488,,
488,,
488,,
488,,
488,,
488,,
489,,
489,,
489,,
489,,
488,,
486,,
482,,
478,,
473,,
468,,
463,,
458,,
455,,
454,,
452,,
454,,
456,,
461,,
465,,
470,,
475,,
484,,
496,,
509,,
524,,
540,,
558,,
578,,
597,,
616,,
635,,
654,,
675,,
697,,
719,,
740,,
766,,
795,,
826,,
858,,
884,,
905,,
919,,
924,,
915,,
889,,
845,,
792,,
734,,
673,,
616,,
566,,
520,,
481,,
447,,
419,,
395,,
375,,
359,,
350,,
345,,
342,,
341,,
340,,
338,,
338,,
340,,
343,,
348,,
355,,
363,,
373,,
383,,
392,,
402,,
413,,
423,,
434,,
445,,
455,,
463,,
472,,
478,,
483,,
489,,
494,,
498,,
501,,
504,,
507,,
509,,
511,,
512,,
514,,
515,,
517,,
519,,
519,,
520,,
521,,
522,,
523,,
523,,
524,,
526,,
526,,
527,,
527,,
528,,
529,,
530,,
532,,
532,,
533,,
535,,
535,,
536,,
537,,
538,,
539,,
540,,
540,,
541,,
542,,
543,,
544,,
545,,
546,,
547,,
548,,
548,,
549,,
549,,
550,,
551,,
553,,
554,,
555,,
556,,
556,,
556,,
558,,
559,,
559,,
560,,
560,,
560,,
560,,
560,,
561,,
561,,
561,,
562,,
562,,
563,,
564,,
566,,
565,,
565,,
565,,
566,,
566,,
567,,
568,,
569,,
570,,
571,,
572,,
572,,
574,,
574,,
574,,
574,,
574,,
575,,
575,,
576,,
574,,
575,,
575,,
575,,
575,,
576,,
577,,
578,,
578,,
579,,
579,,
579,,
580,,
581,,
582,,
583,,
583,,
583,,
583,,
583,,
585,,
585,,
585,,
585,,
585,,
586,,
587,,
587,,
587,,
588,,
588,,
588,,
588,,
589,,
590,,
590,,
590,,
590,,
590,,
591,,
591,,
591,,
592,,
592,,
592,,
592,,
592,,
592,,
591,,
592,,
591,,
591,,
591,,
591,,
591,,
591,,
592,,
592,,
592,,
592,,
592,,
592,,
592,,
591,,
591,,
591,,
591,,
591,,
591,,
591,,
591,,
590,,
590,,
591,,
591,,
591,,
591,,
591,,
591,,
591,,
591,,
591,,
591,,
591,,
592,,
591,,
590,,
590,,
588,,
588,,
587,,
586,,
585,,
584,,
583,,
582,,
582,,
581,,
580,,
579,,
579,,
578,,
576,,
575,,
573,,
572,,
570,,
569,,
568,,
567,,
566,,
566,,
565,,
564,,
563,,
562,,
560,,
560,,
560,,
559,,
557,,
556,,
555,,
553,,
552,,
551,,
551,,
550,,
550,,
549,,
548,,
548,,
548,,
547,,
547,,
546,,
546,,
546,,
545,,
545,,
544,,
544,,
544,,
545,,
544,,
544,,
543,,
543,,
543,,
544,,
543,,
544,,
544,,
543,,
543,,
544,,
543,,
543,,
543,,
544,,
544,,
545,,
545,,
546,,
547,,
549,,
550,,
551,,
550,,
550,,
551,,
551,,
551,,
551,,
551,,
551,,
553,,
554,,
555,,
555,,
556,,
555,,
555,,
556,,
556,,
557,,
557,,
559,,
560,,
560,,
560,,
560,,
562,,
562,,
562,,
562,,
562,,
563,,
563,,
563,,
563,,
564,,
565,,
564,,
564,,
564,,
564,,
565,,
565,,
565,,
565,,
566,,
566,,
567,,
566,,
567,,
566,,
566,,
566,,
566,,
566,,
565,,
565,,
566,,
565,,
565,,
564,,
565,,
564,,
566,,
566,,
567,,
568,,
568,,
567,,
567,,
567,,
567,,
568,,
568,,
568,,
568,,
567,,
567,,
568,,
567,,
568,,
568,,
569,,
570,,
570,,
570,,
570,,
569,,
568,,
568,,
568,,
568,,
567,,
566,,
566,,
565,,
564,,
564,,
563,,
563,,
563,,
563,,
561,,
561,,
561,,
561,,
561,,
560,,
560,,
560,,
560,,
560,,
560,,
560,,
560,,
561,,
561,,
560,,
560,,
560,,
559,,
559,,
559,,
559,,
558,,
559,,
559,,
558,,
558,,
558,,
557,,
558,,
559,,
559,,
560,,
560,,
561,,
562,,
564,,
567,,
569,,
572,,
575,,
579,,
583,,
586,,
590,,
593,,
594,,
596,,
598,,
599,,
600,,
601,,
603,,
604,,
605,,
605,,
605,,
604,,
604,,
603,,
601,,
602,,
603,,
605,,
608,,
612,,
616,,
620,,
623,,
627,,
631,,
636,,
643,,
647,,
651,,
654,,
655,,
655,,
656,,
656,,
656,,
656,,
656,,
656,,
655,,
655,,
654,,
651,,
647,,
644,,
641,,
638,,
632,,
627,,
622,,
616,,
611,,
606,,
601,,
596,,
591,,
587,,
583,,
578,,
573,,
568,,
563,,
559,,
555,,
551,,
548,,
543,,
540,,
536,,
533,,
530,,
527,,
524,,
521,,
519,,
516,,
513,,
511,,
507,,
504,,
502,,
501,,
501,,
500,,
500,,
502,,
502,,
501,,
501,,
502,,
502,,
502,,
501,,
501,,
501,,
501,,
501,,
501,,
501,,
502,,
501,,
502,,
502,,
501,,
502,,
502,,
503,,
504,,
504,,
505,,
504,,
504,,
505,,
505,,
505,,
505,,
505,,
505,,
506,,
506,,
506,,
507,,
507,,
507,,
507,,
508,,
509,,
509,,
508,,
508,,
506,,
504,,
500,,
496,,
491,,
486,,
481,,
476,,
471,,
468,,
466,,
464,,
465,,
468,,
473,,
478,,
483,,
489,,
497,,
508,,
523,,
538,,
553,,
571,,
590,,
608,,
626,,
644,,
665,,
686,,
708,,
729,,
751,,
778,,
806,,
838,,
868,,
893,,
914,,
928,,
931,,
919,,
889,,
843,,
788,,
729,,
670,,
612,,
562,,
517,,
478,,
445,,
417,,
393,,
373,,
360,,
352,,
348,,
345,,
344,,
343,,
340,,
340,,
343,,
347,,
352,,
360,,
370,,
378,,
388,,
399,,
409,,
419,,
430,,
441,,
451,,
461,,
469,,
476,,
482,,
487,,
492,,
495,,
497,,
499,,
501,,
503,,
504,,
505,,
506,,
507,,
507,,
508,,
509,,
510,,
510,,
510,,
511,,
512,,
513,,
514,,
515,,
516,,
517,,
518,,
518,,
519,,
519,,
520,,
521,,
522,,
522,,
524,,
524,,
524,,
524,,
524,,
524,,
524,,
524,,
525,,
527,,
527,,
527,,
528,,
528,,
529,,
528,,
529,,
530,,
531,,
532,,
532,,
532,,
533,,
533,,
533,,
533,,
534,,
534,,
534,,
535,,
535,,
536,,
536,,
536,,
536,,
536,,
535,,
536,,
536,,
536,,
536,,
537,,
539,,
539,,
539,,
539,,
539,,
539,,
539,,
539,,
539,,
539,,
539,,
538,,
539,,
540,,
539,,
539,,
538,,
538,,
540,,
540,,
540,,
540,,
539,,
539,,
540,,
539,,
539,,
540,,
540,,
540,,
541,,
541,,
542,,
542,,
542,,
542,,
542,,
542,,
542,,
542,,
542,,
543,,
544,,
544,,
544,,
544,,
544,,
544,,
545,,
545,,
545,,
544,,
544,,
543,,
543,,
543,,
542,,
543,,
543,,
543,,
543,,
543,,
543,,
543,,
543,,
544,,
544,,
545,,
545,,
545,,
543,,
542,,
542,,
542,,
543,,
543,,
543,,
543,,
543,,
543,,
543,,
541,,
541,,
540,,
539,,
539,,
538,,
537,,
536,,
535,,
535,,
535,,
535,,
536,,
535,,
536,,
535,,
536,,
537,,
537,,
538,,
537,,
538,,
537,,
536,,
536,,
536,,
537,,
538,,
537,,
536,,
536,,
535,,
533,,
531,,
529,,
527,,
526,,
525,,
524,,
522,,
521,,
519,,
518,,
517,,
515,,
513,,
512,,
511,,
509,,
508,,
507,,
506,,
505,,
504,,
504,,
502,,
502,,
500,,
499,,
496,,
495,,
493,,
492,,
491,,
490,,
489,,
489,,
487,,
487,,
486,,
484,,
484,,
483,,
481,,
481,,
481,,
481,,
480,,
480,,
480,,
480,,
479,,
480,,
480,,
481,,
480,,
480,,
480,,
480,,
479,,
478,,
478,,
478,,
476,,
476,,
476,,
476,,
476,,
476,,
477,,
478,,
477,,
477,,
477,,
477,,
477,,
478,,
478,,
478,,
479,,
479,,
479,,
480,,
480,,
480,,
481,,
484,,
486,,
487,,
487,,
487,,
487,,
487,,
489,,
490,,
490,,
492,,
492,,
491,,
491,,
491,,
491,,
492,,
492,,
492,,
492,,
492,,
492,,
492,,
493,,
493,,
494,,
493,,
494,,
495,,
495,,
495,,
496,,
495,,
495,,
495,,
496,,
496,,
497,,
497,,
497,,
498,,
498,,
499,,
499,,
499,,
499,,
499,,
499,,
500,,
499,,
499,,
498,,
497,,
496,,
496,,
495,,
494,,
492,,
492,,
492,,
492,,
492,,
490,,
490,,
489,,
488,,
488,,
487,,
487,,
487,,
487,,
487,,
486,,
487,,
487,,
487,,
487,,
487,,
487,,
487,,
486,,
487,,
486,,
486,,
486,,
487,,
486,,
486,,
485,,
485,,
484,,
484,,
484,,
485,,
484,,
483,,
483,,
482,,
482,,
481,,
480,,
480,,
479,,
480,,
479,,
480,,
480,,
479,,
479,,
479,,
480,,
480,,
480,,
481,,
484,,
486,,
489,,
492,,
496,,
500,,
504,,
507,,
509,,
511,,
512,,
513,,
514,,
515,,
516,,
518,,
519,,
518,,
517,,
517,,
516,,
516,,
515,,
515,,
515,,
515,,
517,,
520,,
524,,
527,,
531,,
535,,
540,,
544,,
550,,
555,,
561,,
566,,
568,,
569,,
570,,
570,,
570,,
569,,
569,,
568,,
568,,
568,,
568,,
568,,
567,,
564,,
562,,
561,,
559,,
554,,
550,,
546,,
541,,
537,,
531,,
527,,
522,,
518,,
513,,
508,,
503,,
498,,
494,,
491,,
486,,
483,,
479,,
474,,
472,,
468,,
463,,
460,,
457,,
455,,
452,,
449,,
448,,
446,,
444,,
441,,
438,,
435,,
433,,
433,,
432,,
431,,
430,,
429,,
430,,
429,,
428,,
429,,
429,,
428,,
427,,
428,,
427,,
428,,
428,,
429,,
429,,
430,,
431,,
431,,
431,,
432,,
433,,
434,,
434,,
435,,
434,,
434,,
434,,
434,,
434,,
434,,
435,,
435,,
437,,
438,,
439,,
440,,
442,,
443,,
444,,
444,,
445,,
445,,
445,,
444,,
444,,
443,,
442,,
440,,
438,,
433,,
430,,
426,,
422,,
416,,
411,,
408,,
404,,
404,,
405,,
408,,
412,,
415,,
419,,
425,,
433,,
443,,
457,,
471,,
487,,
504,,
522,,
540,,
557,,
574,,
591,,
611,,
632,,
655,,
679,,
705,,
732,,
763,,
796,,
822,,
842,,
855,,
858,,
849,,
824,,
784,,
730,,
673,,
618,,
565,,
519,,
480,,
444,,
413,,
387,,
365,,
347,,
331,,
319,,
310,,
303,,
299,,
297,,
297,,
296,,
295,,
295,,
295,,
299,,
303,,
308,,
315,,
322,,
330,,
339,,
349,,
358,,
370,,
380,,
390,,
400,,
409,,
416,,
423,,
430,,
435,,
440,,
444,,
446,,
449,,
450,,
451,,
451,,
453,,
454,,
455,,
456,,
456,,
457,,
458,,
459,,
460,,
462,,
464,,
465,,
466,,
467,,
468,,
469,,
470,,
471,,
472,,
473,,
475,,
476,,
476,,
477,,
478,,
478,,
479,,
480,,
480,,
481,,
481,,
482,,
481,,
482,,
482,,
483,,
484,,
485,,
485,,
484,,
485,,
485,,
486,,
487,,
487,,
488,,
488,,
490,,
491,,
492,,
493,,
494,,
494,,
494,,
494,,
494,,
494,,
494,,
494,,
495,,
495,,
496,,
498,,
499,,
500,,
501,,
502,,
503,,
503,,
504,,
505,,
507,,
507,,
508,,
508,,
507,,
505,,
505,,
505,,
505,,
505,,
504,,
503,,
504,,
505,,
505,,
506,,
507,,
506,,
506,,
506,,
508,,
508,,
509,,
508,,
509,,
510,,
510,,
510,,
510,,
510,,
509,,
509,,
508,,
508,,
509,,
509,,
511,,
511,,
512,,
512,,
513,,
513,,
514,,
513,,
515,,
515,,
514,,
513,,
512,,
513,,
512,,
511,,
510,,
510,,
511,,
511,,
511,,
512,,
512,,
513,,
513,,
512,,
513,,
513,,
513,,
513,,
512,,
512,,
512,,
512,,
512,,
513,,
513,,
513,,
513,,
513,,
514,,
515,,
514,,
514,,
513,,
514,,
513,,
512,,
513,,
513,,
514,,
515,,
515,,
515,,
516,,
518,,
519,,
520,,
520,,
520,,
520,,
519,,
519,,
519,,
518,,
518,,
516,,
515,,
513,,
512,,
512,,
512,,
512,,
511,,
511,,
510,,
509,,
508,,
508,,
507,,
507,,
505,,
505,,
504,,
502,,
503,,
503,,
502,,
501,,
499,,
499,,
498,,
497,,
496,,
495,,
494,,
492,,
490,,
489,,
489,,
488,,
487,,
487,,
486,,
484,,
484,,
483,,
482,,
481,,
481,,
480,,
480,,
480,,
479,,
478,,
477,,
477,,
478,,
478,,
478,,
478,,
477,,
477,,
477,,
476,,
475,,
474,,
473,,
473,,
473,,
473,,
473,,
473,,
474,,
475,,
476,,
476,,
476,,
477,,
479,,
479,,
480,,
480,,
480,,
480,,
480,,
480,,
480,,
481,,
483,,
483,,
484,,
484,,
484,,
485,,
486,,
487,,
487,,
488,,
489,,
491,,
490,,
491,,
491,,
490,,
490,,
491,,
492,,
493,,
493,,
493,,
493,,
493,,
494,,
494,,
493,,
494,,
494,,
494,,
494,,
494,,
494,,
493,,
493,,
494,,
493,,
494,,
494,,
494,,
495,,
495,,
495,,
494,,
494,,
494,,
495,,
495,,
496,,
496,,
496,,
497,,
497,,
498,,
499,,
500,,
500,,
500,,
500,,
499,,
499,,
498,,
497,,
496,,
495,,
493,,
493,,
492,,
491,,
490,,
490,,
489,,
489,,
489,,
490,,
491,,
491,,
491,,
490,,
489,,
489,,
488,,
488,,
488,,
488,,
488,,
487,,
487,,
487,,
487,,
487,,
487,,
487,,
488,,
489,,
489,,
491,,
493,,
495,,
497,,
499,,
502,,
504,,
506,,
507,,
508,,
509,,
510,,
512,,
514,,
516,,
518,,
519,,
519,,
517,,
516,,
516,,
515,,
515,,
514,,
514,,
515,,
518,,
521,,
525,,
528,,
531,,
534,,
538,,
543,,
548,,
553,,
558,,
562,,
564,,
565,,
567,,
568,,
568,,
567,,
566,,
565,,
564,,
564,,
564,,
564,,
563,,
560,,
558,,
556,,
552,,
548,,
544,,
539,,
534,,
529,,
525,,
521,,
517,,
513,,
509,,
505,,
500,,
495,,
491,,
487,,
482,,
479,,
475,,
470,,
465,,
461,,
458,,
455,,
452,,
449,,
446,,
443,,
441,,
440,,
436,,
434,,
431,,
428,,
426,,
425,,
425,,
425,,
425,,
424,,
424,,
424,,
425,,
424,,
424,,
424,,
424,,
425,,
425,,
425,,
425,,
425,,
426,,
426,,
427,,
427,,
428,,
428,,
429,,
430,,
431,,
431,,
431,,
431,,
432,,
432,,
433,,
433,,
434,,
434,,
434,,
434,,
434,,
434,,
435,,
434,,
434,,
434,,
434,,
435,,
434,,
434,,
434,,
435,,
435,,
435,,
433,,
430,,
427,,
422,,
418,,
414,,
410,,
407,,
404,,
401,,
401,,
401,,
405,,
408,,
412,,
417,,
424,,
434,,
447,,
461,,
477,,
494,,
512,,
531,,
548,,
565,,
582,,
600,,
621,,
640,,
662,,
688,,
715,,
744,,
776,,
804,,
827,,
844,,
854,,
851,,
836,,
804,,
757,,
702,,
644,,
590,,
543,,
502,,
465,,
435,,
411,,
389,,
371,,
356,,
343,,
332,,
322,,
313,,
308,,
305,,
304,,
304,,
303,,
302,,
302,,
304,,
307,,
309,,
314,,
321,,
329,,
338,,
347,,
358,,
368,,
377,,
387,,
398,,
407,,
415,,
422,,
428,,
434,,
439,,
442,,
444,,
447,,
448,,
449,,
451,,
452,,
453,,
455,,
456,,
457,,
458,,
458,,
459,,
460,,
461,,
462,,
463,,
463,,
465,,
466,,
467,,
468,,
469,,
471,,
472,,
472,,
472,,
473,,
474,,
476,,
476,,
477,,
478,,
480,,
479,,
480,,
480,,
480,,
481,,
481,,
482,,
483,,
483,,
484,,
485,,
487,,
487,,
488,,
490,,
491,,
491,,
492,,
492,,
494,,
495,,
496,,
496,,
496,,
497,,
496,,
496,,
496,,
496,,
497,,
497,,
498,,
499,,
500,,
503,,
504,,
504,,
506,,
505,,
505,,
505,,
504,,
505,,
505,,
505,,
505,,
507,,
507,,
508,,
508,,
509,,
510,,
510,,
511,,
512,,
513,,
514,,
514,,
513,,
514,,
514,,
515,,
516,,
516,,
517,,
518,,
519,,
519,,
520,,
520,,
519,,
520,,
520,,
520,,
520,,
519,,
519,,
520,,
521,,
522,,
521,,
521,,
521,,
520,,
520,,
521,,
521,,
521,,
522,,
521,,
523,,
523,,
523,,
524,,
525,,
525,,
526,,
526,,
526,,
526,,
526,,
526,,
525,,
525,,
525,,
525,,
525,,
525,,
525,,
526,,
526,,
527,,
527,,
528,,
529,,
529,,
529,,
530,,
531,,
531,,
531,,
530,,
530,,
530,,
530,,
530,,
531,,
531,,
531,,
531,,
533,,
534,,
534,,
535,,
536,,
536,,
537,,
538,,
538,,
539,,
538,,
538,,
537,,
537,,
537,,
537,,
537,,
536,,
536,,
535,,
534,,
532,,
532,,
531,,
531,,
531,,
531,,
531,,
530,,
530,,
529,,
528,,
527,,
525,,
524,,
523,,
522,,
520,,
519,,
518,,
516,,
516,,
514,,
513,,
512,,
510,,
509,,
508,,
506,,
506,,
505,,
505,,
506,,
506,,
506,,
506,,
505,,
504,,
504,,
503,,
502,,
501,,
501,,
500,,
501,,
502,,
502,,
503,,
504,,
504,,
503,,
503,,
502,,
501,,
501,,
501,,
502,,
501,,
502,,
502,,
503,,
504,,
504,,
504,,
504,,
505,,
506,,
507,,
507,,
508,,
508,,
510,,
511,,
511,,
512,,
512,,
513,,
514,,
514,,
515,,
514,,
515,,
516,,
516,,
517,,
517,,
518,,
518,,
519,,
520,,
521,,
522,,
523,,
523,,
524,,
524,,
524,,
524,,
525,,
526,,
526,,
527,,
527,,
526,,
527,,
526,,
526,,
526,,
526,,
527,,
527,,
527,,
527,,
528,,
527,,
528,,
529,,
528,,
528,,
529,,
529,,
530,,
531,,
531,,
531,,
531,,
531,,
530,,
530,,
530,,
529,,
528,,
528,,
527,,
527,,
527,,
527,,
526,,
526,,
526,,
525,,
525,,
525,,
526,,
527,,
527,,
527,,
527,,
526,,
527,,
526,,
526,,
526,,
527,,
528,,
527,,
527,,
527,,
527,,
527,,
526,,
526,,
526,,
526,,
527,,
526,,
526,,
526,,
525,,
525,,
524,,
524,,
523,,
523,,
523,,
523,,
521,,
521,,
521,,
520,,
521,,
521,,
522,,
523,,
526,,
528,,
531,,
533,,
536,,
540,,
543,,
545,,
547,,
548,,
550,,
550,,
551,,
553,,
556,,
558,,
559,,
559,,
558,,
558,,
558,,
558,,
559,,
559,,
559,,
560,,
562,,
566,,
569,,
572,,
576,,
581,,
585,,
589,,
594,,
600,,
606,,
609,,
612,,
613,,
615,,
616,,
616,,
614,,
612,,
611,,
611,,
610,,
609,,
608,,
607,,
606,,
603,,
601,,
599,,
595,,
591,,
585,,
580,,
576,,
572,,
568,,
563,,
558,,
553,,
549,,
543,,
537,,
532,,
527,,
523,,
518,,
515,,
511,,
506,,
503,,
499,,
496,,
493,,
490,,
487,,
485,,
483,,
480,,
478,,
475,,
473,,
472,,
471,,
470,,
470,,
469,,
469,,
469,,
468,,
468,,
469,,
470,,
471,,
470,,
471,,
471,,
470,,
471,,
471,,
471,,
472,,
472,,
472,,
472,,
473,,
473,,
475,,
475,,
476,,
476,,
477,,
478,,
479,,
479,,
480,,
481,,
483,,
483,,
483,,
485,,
486,,
487,,
487,,
487,,
487,,
487,,
487,,
488,,
488,,
488,,
488,,
487,,
486,,
484,,
481,,
478,,
474,,
470,,
464,,
460,,
456,,
453,,
450,,
450,,
451,,
455,,
459,,
462,,
468,,
475,,
484,,
497,,
511,,
526,,
543,,
562,,
582,,
599,,
615,,
634,,
653,,
674,,
695,,
717,,
741,,
768,,
797,,
829,,
858,,
880,,
896,,
905,,
903,,
885,,
850,,
800,,
743,,
685,,
627,,
576,,
531,,
491,,
456,,
428,,
405,,
385,,
368,,
358,,
350,,
347,,
345,,
345,,
345,,
345,,
345,,
348,,
352,,
358,,
365,,
374,,
383,,
393,,
404,,
415,,
425,,
435,,
445,,
455,,
464,,
472,,
479,,
485,,
490,,
495,,
499,,
503,,
505,,
508,,
511,,
513,,
515,,
516,,
518,,
518,,
519,,
519,,
522,,
524,,
525,,
527,,
527,,
528,,
529,,
531,,
532,,
534,,
535,,
534,,
535,,
536,,
537,,
539,,
539,,
539,,
540,,
540,,
540,,
539,,
539,,
540,,
540,,
542,,
542,,
543,,
543,,
544,,
545,,
546,,
546,,
546,,
547,,
547,,
547,,
549,,
550,,
551,,
551,,
551,,
551,,
552,,
553,,
553,,
552,,
552,,
552,,
552,,
552,,
552,,
552,,
553,,
553,,
555,,
556,,
556,,
557,,
557,,
557,,
559,,
559,,
559,,
560,,
559,,
560,,
560,,
561,,
560,,
560,,
560,,
560,,
560,,
560,,
560,,
560,,
560,,
561,,
560,,
560,,
560,,
560,,
561,,
561,,
562,,
563,,
562,,
562,,
561,,
562,,
562,,
561,,
562,,
563,,
563,,
563,,
563,,
564,,
563,,
563,,
563,,
562,,
563,,
562,,
562,,
562,,
561,,
561,,
561,,
561,,
560,,
560,,
560,,
559,,
559,,
558,,
558,,
558,,
558,,
558,,
557,,
556,,
556,,
555,,
555,,
554,,
553,,
554,,
553,,
553,,
552,,
552,,
552,,
551,,
551,,
550,,
550,,
550,,
550,,
550,,
550,,
548,,
549,,
549,,
550,,
550,,
550,,
550,,
551,,
551,,
551,,
551,,
551,,
551,,
550,,
550,,
549,,
549,,
549,,
549,,
548,,
547,,
547,,
547,,
547,,
545,,
545,,
545,,
543,,
543,,
542,,
541,,
542,,
540,,
540,,
539,,
539,,
536,,
534,,
531,,
530,,
529,,
529,,
528,,
527,,
526,,
525,,
524,,
522,,
520,,
518,,
515,,
514,,
513,,
511,,
509,,
507,,
506,,
504,,
504,,
502,,
502,,
500,,
499,,
498,,
496,,
496,,
495,,
495,,
494,,
494,,
493,,
492,,
491,,
491,,
490,,
489,,
489,,
489,,
489,,
489,,
488,,
488,,
489,,
489,,
489,,
488,,
489,,
490,,
490,,
491,,
491,,
493,,
493,,
494,,
493,,
492,,
492,,
494,,
495,,
496,,
496,,
496,,
496,,
497,,
497,,
497,,
498,,
499,,
500,,
501,,
501,,
502,,
502,,
502,,
502,,
503,,
504,,
504,,
505,,
506,,
507,,
507,,
507,,
507,,
507,,
507,,
508,,
508,,
507,,
507,,
507,,
508,,
508,,
509,,
509,,
509,,
511,,
512,,
512,,
512,,
513,,
512,,
511,,
510,,
510,,
509,,
508,,
508,,
508,,
509,,
510,,
511,,
511,,
512,,
512,,
513,,
514,,
513,,
513,,
514,,
514,,
513,,
513,,
513,,
513,,
512,,
512,,
512,,
511,,
511,,
511,,
511,,
511,,
511,,
510,,
509,,
509,,
508,,
508,,
508,,
508,,
508,,
508,,
508,,
508,,
508,,
509,,
508,,
509,,
509,,
507,,
508,,
508,,
508,,
507,,
505,,
504,,
504,,
504,,
503,,
504,,
505,,
504,,
504,,
504,,
503,,
503,,
503,,
503,,
503,,
504,,
505,,
508,,
510,,
511,,
512,,
515,,
519,,
523,,
525,,
527,,
529,,
532,,
533,,
534,,
536,,
538,,
540,,
542,,
542,,
542,,
542,,
541,,
541,,
541,,
540,,
540,,
540,,
542,,
544,,
547,,
551,,
553,,
558,,
562,,
566,,
570,,
575,,
581,,
585,,
587,,
588,,
588,,
587,,
587,,
587,,
586,,
584,,
583,,
583,,
583,,
582,,
581,,
580,,
576,,
572,,
569,,
565,,
561,,
556,,
549,,
542,,
536,,
531,,
526,,
520,,
515,,
509,,
503,,
496,,
490,,
485,,
480,,
476,,
471,,
466,,
461,,
455,,
450,,
447,,
443,,
440,,
437,,
433,,
430,,
427,,
423,,
420,,
418,,
416,,
414,,
413,,
412,,
412,,
411,,
410,,
411,,
411,,
412,,
413,,
413,,
413,,
412,,
413,,
413,,
412,,
414,,
415,,
415,,
416,,
415,,
417,,
418,,
419,,
421,,
422,,
423,,
423,,
424,,
427,,
428,,
429,,
431,,
431,,
432,,
432,,
434,,
435,,
436,,
437,,
438,,
440,,
441,,
442,,
442,,
443,,
444,,
444,,
445,,
446,,
445,,
444,,
441,,
438,,
434,,
429,,
424,,
418,,
414,,
411,,
409,,
409,,
410,,
413,,
417,,
420,,
425,,
432,,
441,,
454,,
471,,
486,,
503,,
522,,
542,,
561,,
581,,
600,,
621,,
643,,
665,,
689,,
712,,
739,,
768,,
800,,
830,,
854,,
872,,
884,,
888,,
878,,
848,,
803,,
748,,
689,,
628,,
572,,
523,,
479,,
440,,
408,,
380,,
357,,
338,,
323,,
315,,
310,,
307,,
307,,
306,,
305,,
306,,
308,,
312,,
318,,
327,,
336,,
347,,
356,,
367,,
376,,
387,,
398,,
408,,
417,,
427,,
434,,
440,,
446,,
451,,
457,,
461,,
465,,
468,,
470,,
472,,
474,,
476,,
477,,
479,,
481,,
481,,
483,,
483,,
484,,
484,,
485,,
487,,
488,,
489,,
490,,
490,,
490,,
491,,
492,,
493,,
494,,
495,,
495,,
496,,
498,,
499,,
501,,
502,,
504,,
504,,
505,,
506,,
508,,
510,,
510,,
510,,
511,,
511,,
512,,
513,,
513,,
514,,
515,,
516,,
517,,
518,,
519,,
520,,
521,,
521,,
521,,
522,,
522,,
521,,
523,,
524,,
525,,
526,,
526,,
527,,
527,,
527,,
528,,
529,,
529,,
530,,
530,,
531,,
531,,
532,,
532,,
532,,
532,,
533,,
535,,
536,,
536,,
537,,
537,,
539,,
537,,
538,,
538,,
538,,
539,,
539,,
540,,
540,,
540,,
540,,
541,,
542,,
543,,
543,,
544,,
545,,
544,,
545,,
545,,
545,,
544,,
545,,
545,,
545,,
545,,
545,,
545,,
545,,
545,,
546,,
546,,
546,,
546,,
546,,
546,,
546,,
546,,
546,,
546,,
546,,
546,,
547,,
547,,
546,,
547,,
547,,
548,,
548,,
548,,
549,,
550,,
551,,
552,,
551,,
551,,
552,,
551,,
550,,
549,,
549,,
547,,
546,,
546,,
547,,
547,,
547,,
548,,
548,,
547,,
548,,
547,,
548,,
548,,
548,,
548,,
548,,
549,,
549,,
549,,
549,,
549,,
550,,
550,,
550,,
550,,
551,,
551,,
550,,
549,,
550,,
549,,
550,,
551,,
551,,
550,,
549,,
549,,
547,,
546,,
546,,
544,,
543,,
543,,
543,,
542,,
540,,
539,,
537,,
537,,
536,,
536,,
536,,
536,,
535,,
535,,
534,,
533,,
532,,
532,,
531,,
528,,
527,,
525,,
524,,
523,,
521,,
520,,
519,,
517,,
516,,
515,,
514,,
513,,
512,,
512,,
510,,
509,,
508,,
508,,
507,,
507,,
506,,
506,,
505,,
505,,
505,,
505,,
505,,
506,,
506,,
505,,
506,,
507,,
506,,
507,,
507,,
507,,
507,,
508,,
508,,
508,,
508,,
507,,
507,,
507,,
507,,
508,,
509,,
510,,
509,,
510,,
511,,
512,,
512,,
513,,
515,,
516,,
517,,
518,,
518,,
519,,
519,,
520,,
521,,
520,,
519,,
519,,
519,,
519,,
519,,
519,,
519,,
519,,
519,,
520,,
520,,
521,,
522,,
522,,
524,,
523,,
523,,
523,,
522,,
524,,
524,,
524,,
524,,
524,,
523,,
524,,
524,,
523,,
524,,
524,,
524,,
524,,
524,,
525,,
526,,
526,,
525,,
526,,
526,,
526,,
526,,
526,,
526,,
525,,
525,,
525,,
526,,
526,,
526,,
525,,
525,,
526,,
526,,
526,,
525,,
525,,
524,,
523,,
523,,
523,,
521,,
521,,
521,,
520,,
519,,
518,,
518,,
518,,
516,,
516,,
516,,
516,,
515,,
513,,
513,,
512,,
512,,
512,,
512,,
511,,
510,,
509,,
509,,
509,,
511,,
512,,
511,,
511,,
512,,
512,,
512,,
512,,
513,,
513,,
514,,
513,,
513,,
513,,
512,,
513,,
514,,
514,,
514,,
515,,
517,,
519,,
521,,
524,,
528,,
530,,
532,,
535,,
536,,
537,,
539,,
541,,
542,,
543,,
544,,
544,,
544,,
543,,
542,,
542,,
541,,
540,,
540,,
541,,
542,,
544,,
547,,
551,,
556,,
560,,
563,,
567,,
571,,
576,,
580,,
586,,
589,,
591,,
593,,
592,,
592,,
591,,
590,,
591,,
591,,
591,,
591,,
591,,
591,,
590,,
588,,
587,,
584,,
580,,
576,,
572,,
567,,
562,,
556,,
551,,
546,,
543,,
537,,
532,,
526,,
521,,
516,,
512,,
508,,
502,,
499,,
496,,
493,,
488,,
484,,
480,,
478,,
476,,
475,,
474,,
472,,
470,,
467,,
465,,
463,,
461,,
461,,
460,,
459,,
458,,
459,,
459,,
460,,
459,,
458,,
458,,
459,,
458,,
458,,
458,,
459,,
459,,
459,,
460,,
460,,
461,,
460,,
460,,
461,,
462,,
463,,
463,,
464,,
465,,
465,,
466,,
467,,
467,,
467,,
468,,
468,,
468,,
468,,
470,,
470,,
471,,
471,,
472,,
471,,
472,,
472,,
471,,
471,,
470,,
470,,
469,,
467,,
465,,
461,,
456,,
452,,
447,,
442,,
438,,
435,,
433,,
432,,
432,,
435,,
438,,
442,,
448,,
456,,
466,,
480,,
496,,
512,,
529,,
548,,
567,,
585,,
601,,
618,,
636,,
656,,
679,,
702,,
727,,
753,,
782,,
813,,
841,,
864,,
878,,
885,,
881,,
863,,
828,,
778,,
721,,
664,,
606,,
556,,
512,,
476,,
443,,
414,,
390,,
369,,
353,,
340,,
331,,
324,,
321,,
319,,
319,,
319,,
321,,
321,,
323,,
327,,
332,,
338,,
346,,
354,,
363,,
372,,
382,,
391,,
401,,
412,,
422,,
433,,
441,,
449,,
455,,
460,,
465,,
470,,
473,,
477,,
480,,
482,,
483,,
484,,
486,,
487,,
487,,
487,,
487,,
487,,
488,,
489,,
490,,
489,,
491,,
492,,
492,,
494,,
494,,
495,,
495,,
495,,
496,,
496,,
496,,
497,,
499,,
499,,
500,,
500,,
500,,
501,,
502,,
503,,
504,,
505,,
506,,
506,,
508,,
509,,
509,,
510,,
511,,
511,,
512,,
511,,
511,,
511,,
512,,
512,,
511,,
512,,
513,,
513,,
514,,
515,,
515,,
516,,
517,,
517,,
518,,
519,,
519,,
519,,
519,,
519,,
519,,
519,,
521,,
523,,
523,,
523,,
523,,
524,,
524,,
525,,
525,,
527,,
527,,
527,,
528,,
527,,
527,,
527,,
528,,
527,,
528,,
527,,
527,,
528,,
528,,
528,,
528,,
527,,
528,,
529,,
529,,
530,,
531,,
531,,
531,,
531,,
532,,
532,,
533,,
533,,
533,,
533,,
533,,
533,,
533,,
533,,
533,,
532,,
532,,
533,,
534,,
534,,
534,,
535,,
535,,
536,,
536,,
535,,
534,,
533,,
532,,
531,,
530,,
530,,
528,,
528,,
529,,
529,,
529,,
529,,
531,,
532,,
531,,
531,,
531,,
531,,
531,,
530,,
529,,
529,,
528,,
529,,
529,,
530,,
530,,
529,,
528,,
527,,
527,,
527,,
527,,
528,,
529,,
530,,
530,,
532,,
532,,
532,,
534,,
535,,
536,,
536,,
537,,
538,,
538,,
537,,
537,,
537,,
537,,
538,,
539,,
539,,
539,,
539,,
538,,
536,,
535,,
533,,
533,,
531,,
531,,
531,,
530,,
528,,
527,,
525,,
524,,
523,,
522,,
521,,
519,,
517,,
517,,
517,,
516,,
515,,
513,,
512,,
511,,
511,,
510,,
508,,
506,,
505,,
505,,
505,,
503,,
502,,
502,,
501,,
500,,
500,,
500,,
500,,
499,,
497,,
497,,
497,,
497,,
497,,
496,,
495,,
494,,
494,,
493,,
493,,
494,,
493,,
494,,
495,,
496,,
496,,
496,,
498,,
499,,
499,,
499,,
499,,
500,,
500,,
499,,
499,,
499,,
500,,
499,,
498,,
498,,
497,,
498,,
499,,
499,,
500,,
500,,
501,,
501,,
501,,
500,,
500,,
500,,
501,,
502,,
502,,
503,,
504,,
504,,
506,,
507,,
507,,
507,,
507,,
508,,
509,,
510,,
510,,
509,,
510,,
510,,
510,,
509,,
508,,
508,,
508,,
507,,
508,,
508,,
509,,
510,,
511,,
513,,
514,,
515,,
516,,
516,,
516,,
515,,
515,,
516,,
516,,
516,,
515,,
515,,
514,,
513,,
512,,
512,,
512,,
512,,
511,,
511,,
511,,
512,,
512,,
512,,
513,,
513,,
515,,
514,,
514,,
515,,
513,,
513,,
512,,
512,,
511,,
510,,
509,,
509,,
507,,
507,,
507,,
507,,
505,,
505,,
505,,
505,,
505,,
505,,
505,,
506,,
505,,
506,,
506,,
506,,
506,,
507,,
508,,
507,,
508,,
509,,
510,,
513,,
515,,
519,,
523,,
525,,
527,,
529,,
530,,
531,,
531,,
532,,
534,,
535,,
536,,
536,,
534,,
533,,
532,,
533,,
532,,
532,,
533,,
536,,
540,,
543,,
546,,
550,,
553,,
557,,
561,,
565,,
571,,
575,,
579,,
582,,
584,,
585,,
585,,
587,,
587,,
586,,
586,,
586,,
587,,
587,,
587,,
587,,
585,,
584,,
581,,
578,,
574,,
569,,
566,,
562,,
558,,
554,,
550,,
546,,
541,,
536,,
531,,
525,,
519,,
513,,
509,,
506,,
502,,
500,,
497,,
493,,
489,,
485,,
481,,
478,,
476,,
474,,
472,,
471,,
470,,
468,,
465,,
463,,
462,,
461,,
459,,
459,,
459,,
459,,
459,,
459,,
459,,
459,,
459,,
458,,
458,,
458,,
457,,
457,,
457,,
457,,
457,,
457,,
457,,
457,,
459,,
460,,
461,,
462,,
462,,
463,,
463,,
464,,
465,,
465,,
465,,
466,,
466,,
467,,
467,,
468,,
468,,
468,,
468,,
468,,
469,,
469,,
469,,
469,,
469,,
469,,
470,,
471,,
470,,
469,,
468,,
467,,
463,,
459,,
455,,
451,,
447,,
443,,
440,,
436,,
435,,
436,,
439,,
441,,
444,,
448,,
455,,
463,,
475,,
487,,
501,,
518,,
536,,
555,,
573,,
591,,
608,,
628,,
650,,
672,,
695,,
720,,
747,,
776,,
807,,
837,,
862,,
880,,
892,,
892,,
880,,
851,,
807,,
752,,
694,,
638,,
588,,
547,,
511,,
481,,
455,,
432,,
412,,
396,,
381,,
368,,
356,,
345,,
339,,
335,,
333,,
332,,
330,,
329,,
329,,
332,,
333,,
335,,
339,,
345,,
353,,
361,,
369,,
378,,
387,,
397,,
407,,
415,,
424,,
432,,
439,,
444,,
449,,
454,,
458,,
462,,
465,,
467,,
469,,
471,,
475,,
476,,
477,,
479,,
480,,
480,,
481,,
481,,
482,,
483,,
483,,
484,,
486,,
487,,
488,,
489,,
489,,
490,,
492,,
492,,
493,,
493,,
494,,
495,,
496,,
497,,
497,,
497,,
499,,
499,,
500,,
500,,
501,,
502,,
503,,
504,,
504,,
505,,
505,,
505,,
505,,
506,,
507,,
508,,
508,,
509,,
509,,
510,,
511,,
511,,
512,,
514,,
515,,
516,,
516,,
517,,
518,,
519,,
519,,
519,,
519,,
520,,
520,,
521,,
521,,
521,,
521,,
520,,
521,,
521,,
521,,
520,,
521,,
522,,
522,,
524,,
525,,
525,,
526,,
527,,
527,,
527,,
528,,
528,,
528,,
528,,
528,,
528,,
528,,
528,,
527,,
528,,
528,,
528,,
529,,
529,,
528,,
528,,
528,,
529,,
528,,
528,,
527,,
527,,
526,,
526,,
526,,
526,,
526,,
526,,
527,,
526,,
524,,
525,,
524,,
525,,
526,,
526,,
526,,
526,,
527,,
528,,
528,,
529,,
529,,
529,,
529,,
528,,
528,,
528,,
527,,
526,,
526,,
526,,
525,,
525,,
525,,
524,,
525,,
525,,
524,,
524,,
524,,
524,,
523,,
525,,
525,,
525,,
526,,
526,,
527,,
527,,
527,,
529,,
530,,
531,,
532,,
533,,
534,,
533,,
533,,
534,,
535,,
536,,
535,,
535,,
535,,
535,,
536,,
537,,
538,,
538,,
539,,
540,,
540,,
540,,
540,,
540,,
540,,
539,,
540,,
538,,
536,,
535,,
533,,
531,,
530,,
528,,
528,,
527,,
526,,
524,,
522,,
523,,
521,,
519,,
519,,
517,,
516,,
514,,
513,,
512,,
511,,
510,,
509,,
508,,
506,,
504,,
503,,
503,,
502,,
501,,
501,,
501,,
500,,
500,,
500,,
500,,
499,,
498,,
497,,
496,,
496,,
496,,
495,,
495,,
495,,
495,,
494,,
492,,
492,,
493,,
493,,
494,,
493,,
493,,
494,,
494,,
494,,
493,,
494,,
496,,
496,,
496,,
497,,
497,,
498,,
499,,
499,,
500,,
502,,
504,,
505,,
505,,
504,,
504,,
505,,
506,,
507,,
507,,
506,,
505,,
506,,
507,,
507,,
508,,
507,,
507,,
508,,
508,,
508,,
508,,
508,,
508,,
508,,
508,,
509,,
509,,
510,,
511,,
510,,
511,,
512,,
513,,
513,,
512,,
511,,
512,,
511,,
511,,
511,,
511,,
511,,
511,,
510,,
510,,
510,,
510,,
510,,
509,,
510,,
510,,
509,,
508,,
508,,
508,,
509,,
508,,
508,,
508,,
509,,
510,,
510,,
510,,
511,,
512,,
511,,
511,,
511,,
511,,
510,,
510,,
510,,
511,,
510,,
509,,
508,,
506,,
505,,
505,,
504,,
504,,
503,,
502,,
500,,
501,,
500,,
499,,
499,,
498,,
499,,
500,,
502,,
504,,
507,,
509,,
511,,
513,,
517,,
519,,
522,,
523,,
524,,
524,,
526,,
527,,
528,,
528,,
530,,
531,,
532,,
532,,
533,,
533,,
532,,
531,,
531,,
530,,
531,,
533,,
536,,
539,,
543,,
547,,
550,,
554,,
558,,
562,,
567,,
572,,
577,,
580,,
582,,
584,,
585,,
587,,
587,,
586,,
585,,
583,,
582,,
583,,
583,,
583,,
581,,
579,,
577,,
575,,
573,,
568,,
563,,
558,,
552,,
548,,
543,,
540,,
535,,
531,,
527,,
522,,
518,,
512,,
507,,
503,,
499,,
495,,
490,,
486,,
481,,
477,,
474,,
470,,
467,,
464,,
460,,
457,,
454,,
452,,
450,,
448,,
446,,
444,,
443,,
443,,
442,,
443,,
444,,
444,,
444,,
444,,
444,,
446,,
446,,
446,,
446,,
445,,
445,,
444,,
444,,
444,,
445,,
445,,
445,,
446,,
446,,
448,,
448,,
448,,
450,,
451,,
453,,
454,,
455,,
456,,
457,,
459,,
460,,
459,,
460,,
460,,
460,,
461,,
461,,
462,,
462,,
462,,
462,,
462,,
462,,
462,,
461,,
461,,
459,,
458,,
454,,
451,,
446,,
441,,
437,,
432,,
429,,
427,,
425,,
427,,
429,,
432,,
435,,
440,,
447,,
455,,
467,,
481,,
497,,
514,,
532,,
551,,
570,,
587,,
605,,
624,,
643,,
663,,
683,,
706,,
732,,
761,,
792,,
824,,
849,,
868,,
881,,
886,,
878,,
855,,
812,,
757,,
699,,
639,,
584,,
534,,
491,,
453,,
421,,
395,,
373,,
355,,
339,,
329,,
323,,
319,,
317,,
316,,
314,,
313,,
313,,
315,,
319,,
324,,
332,,
340,,
350,,
359,,
369,,
379,,
389,,
399,,
410,,
420,,
429,,
438,,
446,,
452,,
458,,
463,,
466,,
468,,
471,,
472,,
473,,
474,,
475,,
477,,
478,,
478,,
480,,
481,,
482,,
483,,
484,,
485,,
487,,
487,,
488,,
489,,
490,,
491,,
491,,
492,,
494,,
495,,
495,,
495,,
496,,
497,,
497,,
498,,
499,,
500,,
501,,
502,,
502,,
504,,
505,,
505,,
507,,
508,,
509,,
510,,
510,,
510,,
511,,
511,,
512,,
512,,
513,,
513,,
514,,
515,,
516,,
517,,
518,,
519,,
519,,
519,,
519,,
520,,
520,,
519,,
520,,
520,,
520,,
520,,
520,,
521,,
521,,
522,,
524,,
524,,
526,,
527,,
527,,
527,,
527,,
527,,
528,,
529,,
529,,
529,,
529,,
528,,
530,,
530,,
530,,
530,,
529,,
529,,
529,,
529,,
530,,
530,,
530,,
530,,
530,,
531,,
530,,
529,,
529,,
529,,
530,,
530,,
531,,
531,,
531,,
533,,
533,,
534,,
534,,
535,,
536,,
536,,
536,,
536,,
536,,
537,,
537,,
537,,
537,,
536,,
537,,
537,,
537,,
536,,
536,,
536,,
536,,
536,,
537,,
536,,
536,,
537,,
537,,
537,,
537,,
538,,
537,,
536,,
537,,
537,,
537,,
536,,
535,,
535,,
534,,
534,,
534,,
534,,
534,,
533,,
533,,
532,,
533,,
533,,
533,,
535,,
535,,
536,,
536,,
536,,
537,,
538,,
540,,
540,,
540,,
540,,
541,,
541,,
542,,
542,,
542,,
541,,
542,,
541,,
540,,
540,,
539,,
539,,
538,,
536,,
537,,
536,,
536,,
535,,
534,,
534,,
533,,
533,,
533,,
532,,
531,,
530,,
530,,
529,,
528,,
527,,
526,,
524,,
523,,
521,,
520,,
519,,
519,,
519,,
518,,
516,,
515,,
515,,
514,,
513,,
512,,
511,,
510,,
509,,
508,,
506,,
504,,
504,,
503,,
502,,
502,,
500,,
500,,
499,,
499,,
499,,
497,,
497,,
497,,
497,,
497,,
496,,
496,,
496,,
497,,
497,,
497,,
498,,
498,,
498,,
499,,
499,,
499,,
500,,
500,,
502,,
502,,
503,,
503,,
502,,
503,,
504,,
505,,
505,,
506,,
507,,
506,,
508,,
508,,
508,,
509,,
510,,
510,,
510,,
510,,
511,,
511,,
512,,
512,,
512,,
512,,
512,,
513,,
514,,
515,,
515,,
515,,
514,,
514,,
514,,
515,,
514,,
515,,
515,,
515,,
515,,
515,,
516,,
516,,
517,,
518,,
519,,
519,,
519,,
519,,
519,,
519,,
519,,
519,,
518,,
518,,
518,,
518,,
519,,
519,,
520,,
521,,
522,,
522,,
523,,
524,,
524,,
524,,
523,,
523,,
523,,
524,,
523,,
523,,
523,,
521,,
521,,
522,,
521,,
521,,
520,,
519,,
519,,
518,,
518,,
517,,
517,,
517,,
517,,
516,,
516,,
513,,
514,,
515,,
514,,
515,,
515,,
515,,
513,,
512,,
513,,
513,,
514,,
515,,
516,,
516,,
517,,
519,,
522,,
525,,
528,,
531,,
534,,
536,,
537,,
539,,
541,,
542,,
545,,
547,,
548,,
549,,
549,,
548,,
548,,
546,,
546,,
545,,
545,,
545,,
546,,
547,,
550,,
552,,
555,,
559,,
562,,
567,,
570,,
574,,
579,,
583,,
588,,
592,,
594,,
596,,
596,,
595,,
596,,
595,,
594,,
593,,
592,,
592,,
591,,
590,,
590,,
588,,
587,,
585,,
582,,
578,,
574,,
569,,
564,,
561,,
555,,
551,,
547,,
541,,
536,,
532,,
528,,
523,,
518,,
513,,
509,,
504,,
500,,
495,,
492,,
486,,
482,,
478,,
475,,
474,,
472,,
469,,
467,,
464,,
462,,
459,,
457,,
456,,
455,,
455,,
454,,
453,,
453,,
453,,
453,,
453,,
454,,
455,,
456,,
456,,
456,,
457,,
457,,
457,,
457,,
457,,
457,,
458,,
457,,
458,,
458,,
459,,
459,,
459,,
461,,
462,,
463,,
464,,
464,,
466,,
466,,
466,,
467,,
468,,
469,,
469,,
470,,
470,,
471,,
472,,
473,,
473,,
473,,
474,,
474,,
473,,
472,,
470,,
468,,
465,,
461,,
456,,
450,,
444,,
439,,
434,,
431,,
429,,
428,,
429,,
433,,
438,,
442,,
447,,
456,,
466,,
481,,
498,,
514,,
533,,
552,,
572,,
591,,
611,,
631,,
652,,
674,,
697,,
722,,
748,,
777,,
808,,
840,,
868,,
889,,
904,,
912,,
908,,
887,,
848,,
796,,
737,,
676,,
617,,
564,,
517,,
477,,
440,,
409,,
382,,
359,,
342,,
331,,
324,,
321,,
319,,
318,,
317,,
316,,
316,,
319,,
323,,
330,,
339,,
349,,
359,,
369,,
379,,
390,,
401,,
413,,
423,,
433,,
441,,
448,,
453,,
458,,
463,,
466,,
470,,
473,,
476,,
476,,
478,,
480,,
481,,
483,,
483,,
484,,
485,,
486,,
487,,
487,,
488,,
489,,
489,,
491,,
492,,
491,,
493,,
494,,
496,,
497,,
497,,
498,,
499,,
499,,
500,,
501,,
502,,
504,,
505,,
506,,
508,,
509,,
510,,
511,,
511,,
512,,
514,,
515,,
516,,
516,,
516,,
516,,
517,,
518,,
519,,
519,,
520,,
520,,
520,,
520,,
520,,
521,,
521,,
521,,
521,,
521,,
522,,
523,,
524,,
525,,
525,,
526,,
527,,
528,,
529,,
528,,
529,,
529,,
529,,
529,,
529,,
529,,
529,,
531,,
532,,
533,,
534,,
534,,
534,,
534,,
533,,
533,,
533,,
534,,
534,,
534,,
535,,
535,,
536,,
537,,
536,,
537,,
537,,
539,,
539,,
540,,
540,,
539,,
539,,
540,,
540,,
541,,
539,,
539,,
539,,
540,,
540,,
540,,
540,,
541,,
540,,
540,,
540,,
540,,
540,,
540,,
540,,
540,,
540,,
540,,
540,,
540,,
540,,
540,,
541,,
541,,
542,,
542,,
542,,
542,,
542,,
542,,
543,,
543,,
543,,
543,,
542,,
542,,
543,,
543,,
542,,
541,,
541,,
541,,
541,,
541,,
541,,
541,,
541,,
541,,
542,,
542,,
542,,
541,,
541,,
541,,
542,,
541,,
542,,
542,,
542,,
542,,
540,,
540,,
541,,
540,,
540,,
540,,
540,,
540,,
540,,
542,,
542,,
542,,
542,,
542,,
542,,
541,,
540,,
539,,
538,,
537,,
536,,
536,,
536,,
535,,
534,,
533,,
533,,
531,,
530,,
530,,
529,,
527,,
526,,
525,,
525,,
524,,
523,,
521,,
519,,
518,,
516,,
515,,
514,,
514,,
514,,
512,,
512,,
511,,
511,,
511,,
509,,
508,,
507,,
506,,
506,,
506,,
505,,
503,,
502,,
502,,
501,,
500,,
499,,
499,,
498,,
498,,
498,,
499,,
499,,
498,,
498,,
499,,
498,,
499,,
499,,
499,,
500,,
500,,
500,,
501,,
502,,
502,,
503,,
503,,
504,,
504,,
505,,
504,,
504,,
507,,
506,,
506,,
506,,
505,,
506,,
506,,
506,,
507,,
508,,
508,,
509,,
509,,
509,,
509,,
510,,
511,,
511,,
512,,
513,,
515,,
515,,
515,,
515,,
516,,
517,,
518,,
519,,
519,,
520,,
520,,
520,,
520,,
519,,
520,,
520,,
519,,
520,,
520,,
519,,
521,,
520,,
520,,
520,,
521,,
521,,
520,,
521,,
520,,
521,,
521,,
521,,
520,,
520,,
520,,
521,,
521,,
520,,
520,,
521,,
521,,
520,,
520,,
520,,
521,,
521,,
521,,
522,,
522,,
522,,
521,,
521,,
522,,
522,,
522,,
521,,
520,,
520,,
520,,
520,,
521,,
522,,
520,,
520,,
520,,
521,,
521,,
521,,
520,,
520,,
519,,
519,,
519,,
519,,
518,,
517,,
516,,
517,,
517,,
517,,
517,,
518,,
518,,
518,,
518,,
520,,
523,,
525,,
527,,
529,,
532,,
534,,
536,,
538,,
538,,
540,,
542,,
543,,
544,,
545,,
546,,
547,,
548,,
548,,
548,,
547,,
547,,
547,,
545,,
545,,
546,,
547,,
549,,
552,,
556,,
559,,
563,,
566,,
569,,
572,,
574,,
578,,
582,,
585,,
585,,
585,,
586,,
587,,
586,,
587,,
587,,
587,,
587,,
587,,
585,,
585,,
584,,
583,,
580,,
577,,
574,,
571,,
567,,
562,,
557,,
553,,
549,,
544,,
539,,
535,,
530,,
525,,
518,,
513,,
508,,
504,,
500,,
496,,
491,,
487,,
483,,
480,,
478,,
476,,
474,,
472,,
470,,
469,,
466,,
464,,
463,,
462,,
462,,
462,,
462,,
461,,
461,,
461,,
461,,
461,,
462,,
462,,
463,,
463,,
463,,
463,,
463,,
464,,
464,,
464,,
465,,
466,,
466,,
466,,
467,,
467,,
467,,
467,,
468,,
468,,
469,,
469,,
469,,
470,,
471,,
472,,
472,,
473,,
474,,
475,,
476,,
475,,
475,,
476,,
477,,
478,,
479,,
479,,
479,,
477,,
476,,
474,,
471,,
467,,
462,,
457,,
451,,
446,,
442,,
438,,
436,,
436,,
439,,
443,,
446,,
450,,
455,,
463,,
473,,
486,,
500,,
516,,
534,,
553,,
573,,
592,,
610,,
630,,
651,,
673,,
697,,
720,,
747,,
775,,
805,,
839,,
865,,
884,,
897,,
900,,
893,,
872,,
833,,
781,,
723,,
665,,
610,,
561,,
519,,
482,,
450,,
423,,
399,,
380,,
364,,
351,,
342,,
335,,
330,,
327,,
326,,
324,,
324,,
324,,
325,,
328,,
332,,
337,,
344,,
352,,
361,,
371,,
383,,
393,,
403,,
414,,
424,,
434,,
442,,
448,,
455,,
459,,
463,,
467,,
470,,
472,,
474,,
476,,
479,,
480,,
481,,
483,,
485,,
487,,
488,,
490,,
492,,
493,,
494,,
493,,
495,,
496,,
497,,
497,,
499,,
501,,
500,,
501,,
500,,
501,,
502,,
502,,
504,,
504,,
504,,
504,,
505,,
506,,
507,,
508,,
509,,
510,,
511,,
512,,
512,,
513,,
513,,
512,,
512,,
513,,
515,,
516,,
516,,
516,,
516,,
516,,
517,,
518,,
519,,
519,,
519,,
520,,
521,,
523,,
523,,
524,,
524,,
524,,
524,,
523,,
524,,
524,,
524,,
524,,
525,,
528,,
529,,
530,,
530,,
531,,
531,,
531,,
531,,
531,,
530,,
530,,
530,,
530,,
531,,
533,,
534,,
534,,
534,,
534,,
533,,
534,,
533,,
535,,
535,,
536,,
536,,
536,,
535,,
534,,
534,,
534,,
534,,
534,,
535,,
535,,
534,,
535,,
536,,
537,,
538,,
539,,
539,,
540,,
540,,
540,,
541,,
540,,
540,,
540,,
540,,
540,,
539,,
540,,
541,,
541,,
540,,
540,,
540,,
539,,
538,,
537,,
537,,
538,,
537,,
536,,
536,,
536,,
536,,
537,,
537,,
537,,
536,,
537,,
537,,
537,,
538,,
538,,
538,,
539,,
540,,
539,,
539,,
539,,
539,,
537,,
537,,
537,,
538,,
537,,
538,,
538,,
538,,
538,,
539,,
539,,
540,,
540,,
541,,
542,,
542,,
543,,
543,,
544,,
543,,
543,,
543,,
543,,
542,,
542,,
542,,
541,,
540,,
540,,
540,,
539,,
540,,
540,,
539,,
539,,
536,,
536,,
534,,
532,,
532,,
531,,
529,,
528,,
526,,
524,,
523,,
521,,
519,,
517,,
516,,
516,,
515,,
515,,
515,,
514,,
514,,
512,,
512,,
511,,
511,,
512,,
511,,
509,,
508,,
506,,
504,,
503,,
502,,
501,,
500,,
500,,
499,,
498,,
499,,
498,,
497,,
498,,
497,,
497,,
496,,
496,,
497,,
497,,
498,,
497,,
497,,
496,,
496,,
496,,
497,,
497,,
499,,
499,,
499,,
499,,
500,,
500,,
501,,
503,,
504,,
503,,
503,,
503,,
501,,
501,,
502,,
502,,
504,,
505,,
505,,
506,,
507,,
507,,
508,,
508,,
508,,
509,,
509,,
508,,
507,,
507,,
508,,
508,,
510,,
511,,
511,,
512,,
512,,
512,,
512,,
512,,
511,,
511,,
512,,
511,,
512,,
513,,
513,,
514,,
515,,
514,,
515,,
516,,
516,,
515,,
515,,
515,,
515,,
516,,
517,,
516,,
515,,
514,,
514,,
514,,
513,,
513,,
512,,
512,,
512,,
512,,
513,,
513,,
512,,
512,,
513,,
513,,
513,,
513,,
513,,
513,,
513,,
514,,
512,,
511,,
511,,
511,,
511,,
509,,
508,,
508,,
507,,
506,,
507,,
507,,
507,,
507,,
507,,
508,,
508,,
509,,
510,,
511,,
512,,
512,,
513,,
517,,
518,,
520,,
521,,
522,,
524,,
526,,
528,,
531,,
532,,
533,,
535,,
536,,
536,,
534,,
533,,
533,,
532,,
532,,
531,,
531,,
534,,
535,,
536,,
540,,
542,,
545,,
549,,
552,,
557,,
561,,
565,,
570,,
574,,
575,,
577,,
579,,
580,,
580,,
579,,
580,,
579,,
579,,
579,,
578,,
579,,
578,,
576,,
573,,
569,,
567,,
564,,
560,,
555,,
550,,
547,,
542,,
538,,
534,,
530,,
526,,
521,,
518,,
513,,
509,,
504,,
498,,
496,,
492,,
489,,
485,,
480,,
478,,
475,,
471,,
469,,
465,,
463,,
461,,
458,,
456,,
454,,
453,,
451,,
451,,
450,,
449,,
448,,
448,,
448,,
447,,
448,,
448,,
448,,
449,,
451,,
451,,
452,,
452,,
453,,
454,,
455,,
455,,
456,,
457,,
457,,
459,,
459,,
459,,
459,,
459,,
459,,
460,,
461,,
462,,
462,,
462,,
462,,
462,,
462,,
463,,
463,,
463,,
464,,
464,,
465,,
466,,
467,,
467,,
468,,
467,,
467,,
465,,
464,,
463,,
461,,
458,,
454,,
448,,
443,,
438,,
434,,
430,,
429,,
428,,
430,,
433,,
438,,
442,,
449,,
457,,
467,,
480,,
495,,
510,,
527,,
545,,
564,,
581,,
599,,
617,,
636,,
657,,
678,,
701,,
729,,
757,,
787,,
820,,
847,,
870,,
887,,
897,,
895,,
878,,
847,,
797,,
739,,
681,,
625,,
577,,
537,,
502,,
470,,
444,,
421,,
402,,
385,,
369,,
357,,
347,,
338,,
332,,
330,,
329,,
329,,
328,,
327,,
327,,
328,,
331,,
333,,
338,,
343,,
350,,
358,,
367,,
376,,
386,,
396,,
407,,
416,,
425,,
435,,
443,,
450,,
455,,
459,,
462,,
465,,
467,,
469,,
471,,
473,,
474,,
476,,
478,,
478,,
478,,
480,,
481,,
482,,
483,,
483,,
485,,
486,,
486,,
486,,
487,,
488,,
489,,
489,,
491,,
492,,
492,,
494,,
496,,
497,,
497,,
499,,
500,,
500,,
501,,
503,,
504,,
504,,
504,,
504,,
504,,
505,,
506,,
508,,
508,,
508,,
509,,
509,,
510,,
510,,
510,,
510,,
510,,
510,,
511,,
511,,
512,,
513,,
513,,
514,,
514,,
515,,
515,,
515,,
516,,
516,,
516,,
517,,
517,,
518,,
517,,
518,,
519,,
519,,
519,,
520,,
520,,
521,,
522,,
521,,
521,,
521,,
521,,
522,,
522,,
521,,
521,,
523,,
524,,
525,,
525,,
524,,
525,,
524,,
524,,
524,,
524,,
524,,
523,,
523,,
524,,
524,,
525,,
526,,
527,,
527,,
526,,
526,,
526,,
527,,
527,,
527,,
528,,
529,,
529,,
529,,
531,,
531,,
532,,
532,,
531,,
530,,
529,,
528,,
528,,
527,,
526,,
525,,
524,,
525,,
525,,
525,,
526,,
527,,
527,,
528,,
528,,
529,,
528,,
529,,
528,,
528,,
529,,
527,,
527,,
527,,
527,,
528,,
528,,
529,,
529,,
529,,
529,,
529,,
529,,
531,,
531,,
532,,
533,,
533,,
535,,
536,,
537,,
539,,
539,,
540,,
541,,
542,,
542,,
542,,
541,,
541,,
540,,
541,,
541,,
540,,
540,,
540,,
539,,
539,,
540,,
539,,
540,,
539,,
538,,
539,,
537,,
537,,
538,,
538,,
536,,
536,,
535,,
534,,
533,,
531,,
530,,
528,,
525,,
524,,
523,,
524,,
522,,
521,,
521,,
519,,
519,,
518,,
516,,
515,,
514,,
514,,
513,,
512,,
511,,
510,,
508,,
508,,
507,,
506,,
505,,
504,,
504,,
502,,
502,,
502,,
501,,
502,,
502,,
503,,
503,,
504,,
504,,
504,,
503,,
504,,
502,,
502,,
502,,
501,,
501,,
500,,
502,,
502,,
502,,
502,,
502,,
503,,
504,,
505,,
505,,
507,,
507,,
508,,
509,,
509,,
510,,
511,,
511,,
512,,
512,,
512,,
512,,
512,,
511,,
511,,
511,,
511,,
512,,
512,,
513,,
513,,
513,,
513,,
513,,
514,,
515,,
516,,
518,,
518,,
519,,
520,,
521,,
523,,
524,,
524,,
524,,
523,,
523,,
523,,
522,,
522,,
522,,
522,,
522,,
523,,
524,,
525,,
525,,
524,,
524,,
524,,
524,,
523,,
523,,
522,,
521,,
520,,
519,,
519,,
519,,
519,,
520,,
521,,
520,,
520,,
520,,
520,,
520,,
519,,
519,,
519,,
519,,
518,,
518,,
518,,
517,,
518,,
518,,
517,,
517,,
517,,
517,,
518,,
518,,
518,,
518,,
519,,
519,,
520,,
520,,
521,,
522,,
523,,
524,,
526,,
527,,
529,,
531,,
534,,
536,,
536,,
537,,
538,,
540,,
542,,
544,,
545,,
546,,
546,,
545,,
546,,
546,,
547,,
547,,
546,,
548,,
548,,
550,,
553,,
556,,
560,,
563,,
566,,
570,,
574,,
579,,
583,,
587,,
590,,
591,,
591,,
592,,
592,,
591,,
591,,
591,,
592,,
592,,
592,,
592,,
592,,
592,,
591,,
589,,
587,,
585,,
582,,
578,,
573,,
567,,
562,,
558,,
553,,
550,,
544,,
540,,
535,,
529,,
524,,
519,,
514,,
510,,
507,,
503,,
498,,
494,,
491,,
486,,
482,,
479,,
477,,
476,,
475,,
473,,
472,,
469,,
466,,
464,,
463,,
462,,
461,,
461,,
462,,
462,,
462,,
461,,
461,,
460,,
460,,
460,,
459,,
460,,
460,,
461,,
461,,
462,,
462,,
462,,
463,,
462,,
462,,
463,,
463,,
464,,
464,,
464,,
464,,
464,,
464,,
465,,
465,,
467,,
468,,
469,,
470,,
470,,
471,,
471,,
471,,
471,,
472,,
473,,
473,,
475,,
475,,
476,,
476,,
477,,
477,,
476,,
474,,
472,,
469,,
465,,
460,,
456,,
451,,
447,,
443,,
440,,
439,,
439,,
442,,
446,,
450,,
455,,
463,,
473,,
486,,
503,,
519,,
537,,
557,,
578,,
596,,
614,,
631,,
651,,
672,,
694,,
716,,
740,,
768,,
797,,
830,,
860,,
883,,
899,,
907,,
905,,
889,,
859,,
813,,
756,,
697,,
640,,
589,,
545,,
507,,
473,,
445,,
421,,
401,,
385,,
371,,
360,,
349,,
342,,
338,,
337,,
335,,
335,,
334,,
334,,
335,,
339,,
344,,
350,,
358,,
367,,
375,,
385,,
395,,
405,,
416,,
426,,
437,,
447,,
454,,
460,,
466,,
471,,
476,,
479,,
483,,
484,,
487,,
488,,
489,,
491,,
492,,
494,,
496,,
496,,
496,,
497,,
498,,
499,,
500,,
500,,
500,,
502,,
502,,
503,,
504,,
505,,
507,,
508,,
509,,
511,,
511,,
513,,
514,,
514,,
515,,
516,,
518,,
518,,
518,,
519,,
519,,
519,,
520,,
521,,
521,,
522,,
523,,
523,,
524,,
525,,
526,,
527,,
527,,
527,,
527,,
529,,
529,,
530,,
531,,
531,,
532,,
535,,
535,,
536,,
535,,
536,,
536,,
537,,
538,,
539,,
539,,
539,,
539,,
540,,
541,,
542,,
542,,
543,,
543,,
543,,
544,,
544,,
546,,
547,,
549,,
551,,
551,,
552,,
552,,
551,,
552,,
553,,
553,,
554,,
553,,
553,,
552,,
552,,
552,,
553,,
553,,
554,,
554,,
554,,
553,,
553,,
552,,
552,,
552,,
553,,
553,,
552,,
551,,
551,,
552,,
553,,
553,,
553,,
552,,
551,,
550,,
550,,
549,,
549,,
549,,
550,,
550,,
550,,
551,,
551,,
551,,
552,,
552,,
552,,
551,,
550,,
550,,
549,,
548,,
548,,
548,,
548,,
548,,
548,,
549,,
548,,
550,,
550,,
551,,
551,,
550,,
550,,
550,,
550,,
551,,
551,,
552,,
552,,
551,,
551,,
551,,
552,,
553,,
554,,
555,,
555,,
555,,
554,,
554,,
555,,
557,,
558,,
558,,
558,,
557,,
557,,
558,,
557,,
558,,
558,,
558,,
558,,
557,,
556,,
556,,
555,,
555,,
554,,
554,,
554,,
553,,
552,,
551,,
550,,
550,,
548,,
548,,
548,,
546,,
545,,
543,,
543,,
542,,
540,,
540,,
538,,
537,,
536,,
536,,
535,,
534,,
533,,
532,,
532,,
532,,
531,,
530,,
528,,
529,,
528,,
527,,
527,,
526,,
525,,
524,,
524,,
523,,
523,,
523,,
524,,
523,,
523,,
522,,
522,,
523,,
522,,
522,,
521,,
523,,
523,,
523,,
523,,
523,,
523,,
524,,
523,,
523,,
523,,
524,,
524,,
524,,
525,,
526,,
527,,
527,,
527,,
527,,
528,,
530,,
529,,
529,,
530,,
530,,
530,,
531,,
531,,
532,,
533,,
534,,
534,,
535,,
536,,
536,,
536,,
536,,
536,,
536,,
535,,
536,,
538,,
539,,
541,,
542,,
542,,
543,,
543,,
542,,
542,,
542,,
542,,
542,,
542,,
543,,
543,,
543,,
543,,
543,,
543,,
543,,
543,,
543,,
544,,
544,,
544,,
544,,
543,,
544,,
544,,
544,,
545,,
544,,
545,,
545,,
546,,
546,,
547,,
548,,
548,,
548,,
548,,
547,,
547,,
547,,
547,,
547,,
546,,
545,,
544,,
544,,
544,,
545,,
545,,
545,,
545,,
545,,
544,,
543,,
542,,
542,,
541,,
540,,
540,,
540,,
540,,
540,,
540,,
540,,
540,,
539,,
539,,
539,,
538,,
538,,
538,,
538,,
537,,
537,,
537,,
538,,
539,,
539,,
540,,
541,,
543,,
546,,
549,,
552,,
555,,
558,,
559,,
559,,
560,,
562,,
563,,
565,,
567,,
570,,
571,,
572,,
572,,
572,,
572,,
572,,
572,,
571,,
569,,
569,,
570,,
573,,
575,,
580,,
583,,
586,,
589,,
594,,
597,,
601,,
605,,
610,,
614,,
617,,
618,,
619,,
619,,
617,,
616,,
615,,
614,,
614,,
614,,
614,,
613,,
613,,
613,,
612,,
610,,
608,,
604,,
600,,
596,,
591,,
587,,
582,,
578,,
574,,
570,,
566,,
561,,
557,,
551,,
545,,
541,,
535,,
531,,
527,,
521,,
517,,
512,,
508,,
505,,
503,,
501,,
499,,
497,,
497,,
496,,
494,,
492,,
491,,
490,,
489,,
489,,
489,,
488,,
487,,
487,,
487,,
486,,
485,,
485,,
484,,
484,,
483,,
484,,
484,,
484,,
485,,
485,,
485,,
486,,
486,,
487,,
486,,
487,,
487,,
486,,
486,,
486,,
485,,
485,,
486,,
487,,
489,,
491,,
491,,
491,,
491,,
492,,
493,,
493,,
493,,
494,,
495,,
495,,
495,,
495,,
495,,
494,,
493,,
492,,
489,,
487,,
484,,
479,,
474,,
468,,
464,,
461,,
458,,
457,,
459,,
462,,
466,,
469,,
473,,
480,,
488,,
499,,
513,,
529,,
546,,
566,,
586,,
605,,
623,,
641,,
661,,
681,,
703,,
727,,
751,,
778,,
807,,
841,,
871,,
896,,
915,,
926,,
927,,
913,,
881,,
835,,
779,,
719,,
659,,
603,,
553,,
508,,
469,,
436,,
409,,
385,,
367,,
353,,
345,,
341,,
338,,
337,,
335,,
333,,
332,,
334,,
337,,
343,,
349,,
358,,
366,,
375,,
384,,
394,,
404,,
414,,
424,,
434,,
443,,
450,,
457,,
463,,
468,,
473,,
477,,
481,,
483,,
486,,
487,,
489,,
491,,
492,,
493,,
494,,
494,,
496,,
496,,
497,,
497,,
497,,
498,,
499,,
500,,
500,,
500,,
500,,
500,,
501,,
501,,
502,,
503,,
504,,
505,,
505,,
506,,
508,,
508,,
509,,
510,,
510,,
510,,
510,,
510,,
511,,
511,,
513,,
513,,
514,,
513,,
514,,
515,,
515,,
516,,
517,,
518,,
519,,
519,,
519,,
519,,
520,,
521,,
521,,
521,,
522,,
522,,
521,,
522,,
523,,
523,,
523,,
523,,
523,,
523,,
522,,
522,,
523,,
524,,
525,,
524,,
525,,
525,,
525,,
526,,
526,,
526,,
527,,
527,,
527,,
527,,
527,,
527,,
527,,
528,,
529,,
529,,
528,,
528,,
528,,
529,,
530,,
530,,
529,,
528,,
527,,
528,,
528,,
528,,
528,,
527,,
527,,
527,,
527,,
527,,
528,,
529,,
530,,
530,,
530,,
531,,
531,,
532,,
533,,
533,,
533,,
532,,
532,,
532,,
533,,
533,,
533,,
534,,
535,,
535,,
534,,
533,,
532,,
532,,
532,,
533,,
532,,
532,,
533,,
532,,
531,,
531,,
531,,
530,,
530,,
529,,
529,,
529,,
529,,
530,,
529,,
529,,
528,,
528,,
528,,
528,,
528,,
527,,
527,,
527,,
527,,
528,,
528,,
528,,
529,,
530,,
529,,
529,,
529,,
529,,
529,,
530,,
529,,
529,,
529,,
529,,
529,,
529,,
530,,
529,,
527,,
527,,
526,,
525,,
524,,
523,,
522,,
520,,
519,,
518,,
516,,
516,,
515,,
514,,
512,,
511,,
510,,
509,,
508,,
507,,
507,,
504,,
503,,
501,,
500,,
500,,
499,,
499,,
498,,
498,,
497,,
496,,
495,,
493,,
492,,
491,,
490,,
489,,
488,,
487,,
486,,
485,,
485,,
484,,
483,,
483,,
483,,
483,,
482,,
482,,
481,,
481,,
481,,
480,,
480,,
479,,
479,,
479,,
479,,
479,,
479,,
480,,
480,,
479,,
479,,
479,,
480,,
480,,
479,,
479,,
479,,
479,,
480,,
480,,
479,,
480,,
480,,
482,,
483,,
484,,
484,,
485,,
485,,
486,,
487,,
486,,
487,,
489,,
490,,
489,,
488,,
488,,
488,,
489,,
489,,
490,,
490,,
490,,
490,,
491,,
491,,
491,,
492,,
492,,
493,,
494,,
494,,
495,,
495,,
496,,
496,,
497,,
497,,
498,,
498,,
499,,
499,,
499,,
500,,
500,,
499,,
499,,
498,,
497,,
498,,
499,,
499,,
499,,
499,,
498,,
497,,
496,,
495,,
496,,
496,,
496,,
497,,
497,,
496,,
496,,
496,,
496,,
496,,
496,,
496,,
495,,
494,,
494,,
495,,
495,,
495,,
495,,
496,,
495,,
495,,
495,,
496,,
496,,
495,,
494,,
493,,
492,,
491,,
492,,
492,,
492,,
491,,
491,,
490,,
489,,
489,,
490,,
491,,
491,,
492,,
493,,
493,,
493,,
492,,
492,,
491,,
491,,
491,,
489,,
488,,
489,,
489,,
489,,
488,,
488,,
488,,
487,,
487,,
487,,
488,,
489,,
491,,
491,,
493,,
493,,
494,,
496,,
498,,
500,,
503,,
505,,
508,,
510,,
512,,
514,,
516,,
518,,
519,,
522,,
524,,
524,,
525,,
525,,
525,,
526,,
526,,
526,,
525,,
524,,
524,,
523,,
523,,
525,,
528,,
532,,
537,,
541,,
544,,
547,,
549,,
553,,
556,,
560,,
562,,
563,,
564,,
564,,
565,,
564,,
563,,
562,,
561,,
560,,
560,,
560,,
559,,
560,,
560,,
560,,
559,,
556,,
552,,
549,,
544,,
539,,
533,,
527,,
524,,
518,,
513,,
508,,
502,,
497,,
493,,
488,,
484,,
479,,
475,,
470,,
465,,
461,,
458,,
455,,
453,,
450,,
448,,
446,,
443,,
441,,
440,,
438,,
436,,
435,,
435,,
434,,
435,,
435,,
436,,
436,,
437,,
438,,
438,,
439,,
439,,
440,,
439,,
439,,
439,,
439,,
438,,
439,,
440,,
442,,
442,,
444,,
444,,
444,,
444,,
445,,
447,,
448,,
449,,
450,,
451,,
451,,
451,,
451,,
451,,
451,,
451,,
451,,
451,,
451,,
452,,
453,,
453,,
454,,
453,,
453,,
452,,
451,,
451,,
448,,
444,,
440,,
436,,
431,,
426,,
421,,
417,,
415,,
415,,
416,,
419,,
423,,
427,,
431,,
436,,
445,,
457,,
471,,
487,,
503,,
521,,
539,,
558,,
577,,
596,,
617,,
638,,
661,,
685,,
707,,
734,,
764,,
797,,
829,,
855,,
876,,
890,,
893,,
881,,
852,,
805,,
752,,
693,,
632,,
576,,
525,,
479,,
438,,
403,,
375,,
351,,
330,,
316,,
308,,
305,,
302,,
301,,
300,,
300,,
300,,
302,,
305,,
310,,
319,,
327,,
336,,
346,,
356,,
367,,
378,,
389,,
399,,
409,,
418,,
427,,
434,,
441,,
448,,
452,,
457,,
460,,
463,,
464,,
465,,
466,,
467,,
468,,
470,,
470,,
472,,
473,,
474,,
475,,
476,,
478,,
478,,
480,,
480,,
481,,
482,,
483,,
483,,
484,,
484,,
485,,
486,,
487,,
488,,
489,,
489,,
490,,
491,,
492,,
493,,
493,,
494,,
495,,
496,,
497,,
499,,
499,,
500,,
501,,
502,,
503,,
503,,
503,,
504,,
504,,
504,,
504,,
505,,
507,,
507,,
508,,
510,,
512,,
513,,
514,,
514,,
513,,
514,,
515,,
515,,
516,,
517,,
518,,
519,,
519,,
521,,
523,,
525,,
526,,
527,,
529,,
529,,
529,,
529,,
528,,
528,,
527,,
526,,
526,,
526,,
527,,
527,,
526,,
527,,
526,,
526,,
525,,
524,,
524,,
524,,
524,,
524,,
524,,
525,,
524,,
524,,
523,,
522,,
523,,
522,,
522,,
521,,
521,,
521,,
521,,
521,,
521,,
521,,
521,,
520,,
521,,
520,,
520,,
520,,
521,,
521,,
520,,
520,,
519,,
519,,
519,,
519,,
519,,
519,,
520,,
521,,
522,,
523,,
524,,
524,,
523,,
523,,
