ekg,gsr,answer_valence,answer_arousal
527,564,,
514,564,,
504,564,,
496,564,,
491,563,,
489,564,,
488,564,,
487,564,,
486,564,,
486,563,,
486,564,,
487,564,,
490,564,,
494,564,,
499,564,,
505,564,,
513,563,,
521,564,,
530,564,,
540,564,,
548,564,,
558,564,,
567,564,,
575,564,,
582,563,,
588,564,,
593,564,,
597,564,,
601,564,,
605,564,,
607,564,,
609,564,,
610,564,,
611,564,,
612,564,,
612,564,,
612,564,,
612,564,,
611,564,,
610,564,,
610,564,,
610,564,,
610,564,,
610,564,,
609,564,,
610,564,,
609,564,,
608,564,,
607,564,,
605,564,,
604,564,,
604,564,,
604,564,,
603,564,,
604,564,,
604,564,,
603,564,,
602,564,,
602,564,,
603,564,,
603,564,,
603,564,,
603,564,,
601,564,,
601,564,,
601,564,,
601,564,,
600,564,,
599,564,,
599,564,,
598,565,,
596,564,,
596,564,,
597,564,,
597,564,,
597,564,,
596,564,,
596,564,,
595,564,,
596,564,,
597,564,,
596,564,,
595,564,,
595,564,,
595,565,,
594,565,,
593,564,,
593,564,,
594,565,,
594,564,,
594,565,,
594,565,,
593,565,,
594,565,,
594,564,,
594,565,,
595,564,,
595,565,,
595,565,,
594,564,,
595,565,,
595,565,,
594,565,,
593,565,,
593,565,,
593,565,,
593,565,,
593,565,,
592,565,,
592,565,,
592,565,,
591,565,,
591,565,,
591,565,,
591,565,,
591,565,,
591,565,,
591,565,,
590,565,,
590,565,,
590,565,,
590,565,,
590,565,,
589,565,,
588,565,,
589,565,,
589,565,,
589,565,,
589,565,,
589,565,,
589,565,,
588,565,,
588,566,,
588,565,,
588,565,,
588,565,,
587,565,,
586,565,,
586,565,,
585,565,,
584,565,,
583,565,,
582,565,,
580,565,,
578,566,,
576,566,,
575,565,,
573,565,,
572,566,,
571,565,,
569,566,,
568,565,,
566,565,,
563,566,,
562,565,,
561,566,,
559,565,,
556,565,,
553,566,,
551,565,,
549,566,,
547,565,,
546,566,,
544,566,,
542,566,,
540,566,,
538,566,,
536,566,,
535,566,,
533,566,,
531,566,,
530,566,,
529,566,,
528,566,,
527,566,,
525,566,,
524,566,,
523,566,,
521,566,,
520,566,,
519,566,,
519,566,,
518,566,,
516,566,,
515,566,,
514,566,,
513,566,,
512,566,,
512,566,,
512,566,,
511,566,,
509,566,,
508,566,,
507,566,,
506,566,,
506,566,,
505,566,,
504,566,,
503,566,,
503,566,,
503,566,,
502,566,,
502,566,,
500,566,,
498,566,,
497,567,,
495,566,,
494,566,,
492,566,,
491,567,,
491,566,,
489,566,,
488,567,,
486,567,,
484,566,,
482,567,,
480,567,,
479,567,,
477,567,,
476,567,,
474,567,,
473,567,,
472,567,,
470,567,,
468,566,,
466,567,,
465,567,,
463,567,,
463,567,,
461,567,,
459,567,,
455,567,,
454,567,,
451,567,,
448,567,,
445,567,,
442,567,,
441,567,,
438,568,,
436,567,,
435,567,,
432,567,,
431,567,,
429,567,,
428,567,,
426,567,,
423,567,,
420,567,,
418,567,,
418,567,,
418,568,,
417,567,,
416,567,,
415,567,,
414,567,,
413,567,,
412,567,,
412,567,,
412,567,,
412,567,,
411,568,,
410,567,,
409,567,,
408,567,,
408,568,,
408,568,,
407,567,,
406,568,,
406,567,,
406,568,,
404,568,,
404,568,,
404,568,,
403,568,,
403,567,,
402,568,,
402,567,,
402,568,,
402,568,,
401,567,,
400,568,,
399,568,,
399,568,,
399,568,,
399,568,,
399,568,,
399,568,,
399,568,,
400,568,,
400,568,,
400,568,,
400,568,,
399,568,,
399,568,,
398,568,,
399,568,,
399,568,,
399,568,,
400,568,,
402,568,,
403,568,,
403,568,,
402,568,,
402,568,,
403,568,,
403,568,,
403,568,,
404,568,,
406,568,,
406,568,,
406,568,,
407,568,,
408,568,,
408,568,,
409,568,,
409,568,,
409,568,,
409,568,,
409,568,,
409,568,,
409,568,,
409,568,,
411,568,,
411,568,,
411,568,,
411,568,,
411,568,,
410,568,,
410,568,,
410,568,,
411,568,,
411,568,,
411,568,,
412,568,,
412,568,,
413,568,,
412,568,,
412,568,,
412,568,,
412,568,,
413,568,,
413,568,,
414,568,,
414,568,,
414,568,,
413,568,,
413,568,,
412,568,,
411,568,,
411,568,,
409,568,,
408,568,,
407,568,,
407,568,,
406,568,,
406,568,,
404,568,,
405,568,,
403,568,,
403,568,,
403,568,,
402,568,,
401,568,,
402,568,,
401,568,,
402,568,,
402,568,,
402,568,,
401,568,,
401,568,,
401,568,,
401,568,,
401,568,,
400,568,,
399,568,,
399,568,,
399,568,,
399,568,,
399,568,,
399,568,,
399,568,,
399,568,,
399,568,,
399,568,,
399,568,,
398,568,,
398,568,,
400,568,,
400,568,,
399,568,,
398,568,,
398,568,,
398,568,,
398,568,,
399,568,,
400,568,,
400,568,,
401,568,,
403,568,,
404,568,,
406,568,,
409,568,,
413,568,,
417,568,,
419,568,,
422,568,,
424,568,,
426,568,,
427,568,,
428,568,,
429,568,,
431,568,,
432,568,,
434,568,,
436,568,,
438,568,,
438,568,,
437,568,,
438,568,,
436,567,,
436,568,,
436,568,,
436,568,,
436,568,,
438,567,,
441,568,,
444,568,,
448,568,,
451,568,,
455,567,,
461,568,,
466,568,,
472,568,,
478,568,,
484,567,,
489,568,,
492,567,,
494,568,,
495,567,,
496,567,,
497,568,,
497,567,,
497,567,,
497,567,,
496,567,,
496,567,,
496,567,,
496,567,,
496,567,,
495,567,,
494,567,,
492,567,,
489,567,,
485,567,,
481,567,,
476,567,,
471,567,,
465,567,,
461,567,,
455,567,,
450,567,,
445,567,,
440,567,,
435,567,,
430,567,,
424,567,,
419,567,,
415,567,,
411,567,,
407,567,,
403,567,,
398,567,,
394,567,,
389,567,,
386,567,,
382,567,,
379,567,,
376,567,,
373,567,,
370,567,,
367,567,,
366,567,,
364,567,,
362,567,,
360,567,,
359,567,,
358,567,,
357,567,,
357,567,,
357,567,,
358,567,,
358,567,,
358,567,,
358,567,,
357,567,,
358,567,,
358,566,,
357,567,,
358,567,,
358,567,,
360,567,,
359,567,,
360,567,,
359,566,,
359,567,,
361,567,,
362,566,,
364,566,,
364,566,,
366,567,,
367,567,,
368,566,,
368,567,,
369,567,,
369,566,,
368,567,,
369,567,,
370,566,,
369,566,,
370,566,,
370,566,,
370,566,,
371,566,,
372,566,,
374,566,,
375,566,,
376,566,,
377,566,,
377,566,,
378,566,,
379,566,,
378,566,,
378,566,,
378,566,,
377,566,,
377,566,,
376,566,,
373,566,,
370,566,,
367,566,,
364,566,,
359,566,,
355,566,,
351,566,,
348,566,,
345,566,,
344,566,,
345,566,,
348,566,,
352,566,,
355,566,,
359,566,,
366,566,,
373,566,,
385,566,,
399,566,,
414,566,,
430,566,,
448,566,,
467,565,,
486,566,,
504,566,,
521,565,,
542,565,,
563,565,,
585,566,,
607,566,,
630,565,,
655,565,,
685,566,,
716,566,,
747,566,,
771,566,,
789,566,,
801,566,,
805,566,,
794,566,,
767,566,,
722,566,,
668,566,,
610,566,,
551,566,,
496,566,,
448,566,,
406,566,,
369,566,,
337,565,,
312,566,,
290,566,,
272,565,,
258,566,,
248,566,,
242,566,,
239,565,,
238,566,,
237,565,,
236,565,,
235,566,,
236,565,,
238,565,,
243,565,,
248,565,,
256,565,,
264,565,,
273,565,,
283,565,,
292,565,,
302,565,,
312,565,,
321,565,,
332,565,,
341,565,,
350,565,,
358,565,,
366,565,,
372,565,,
377,565,,
380,565,,
383,565,,
386,565,,
388,565,,
390,564,,
391,565,,
392,564,,
393,564,,
395,565,,
396,565,,
396,564,,
397,564,,
398,564,,
399,565,,
399,564,,
398,564,,
398,564,,
399,564,,
400,565,,
400,564,,
400,564,,
401,564,,
401,564,,
401,564,,
402,564,,
403,564,,
403,564,,
403,564,,
405,564,,
405,564,,
404,564,,
405,564,,
406,564,,
407,564,,
408,564,,
409,564,,
410,564,,
411,564,,
412,564,,
413,564,,
415,564,,
416,564,,
417,564,,
417,564,,
418,564,,
419,564,,
421,564,,
423,564,,
423,564,,
425,564,,
425,564,,
426,564,,
427,564,,
428,564,,
429,564,,
429,564,,
430,564,,
431,564,,
431,564,,
431,563,,
432,564,,
434,564,,
435,563,,
434,564,,
433,563,,
435,563,,
436,563,,
436,563,,
437,563,,
438,563,,
439,563,,
440,563,,
441,563,,
442,563,,
444,563,,
444,563,,
444,563,,
444,563,,
445,563,,
446,563,,
448,563,,
448,563,,
449,563,,
450,563,,
452,563,,
452,563,,
454,563,,
455,563,,
456,563,,
457,563,,
458,563,,
459,563,,
460,563,,
460,563,,
460,563,,
461,563,,
462,563,,
463,563,,
463,563,,
464,563,,
464,563,,
465,563,,
467,563,,
466,563,,
467,563,,
468,563,,
469,563,,
470,563,,
470,563,,
470,563,,
472,563,,
473,562,,
473,563,,
474,563,,
474,562,,
473,563,,
473,562,,
473,562,,
475,562,,
475,562,,
476,562,,
476,562,,
477,562,,
478,562,,
478,562,,
479,562,,
479,562,,
480,562,,
480,562,,
481,562,,
481,562,,
481,562,,
483,562,,
483,562,,
483,562,,
483,562,,
483,562,,
484,561,,
484,562,,
485,562,,
487,562,,
487,562,,
488,562,,
488,562,,
489,561,,
490,562,,
490,561,,
490,562,,
490,561,,
491,562,,
492,562,,
491,561,,
491,561,,
491,561,,
491,561,,
491,561,,
491,562,,
491,561,,
491,561,,
492,561,,
492,561,,
493,561,,
494,561,,
496,561,,
496,561,,
497,561,,
497,561,,
499,561,,
499,561,,
501,561,,
502,561,,
503,561,,
504,561,,
504,561,,
505,561,,
505,561,,
506,561,,
507,561,,
507,561,,
507,561,,
507,561,,
506,561,,
505,561,,
506,561,,
505,561,,
505,561,,
506,561,,
506,561,,
507,561,,
506,561,,
506,561,,
505,561,,
505,561,,
505,561,,
504,561,,
503,561,,
502,561,,
499,561,,
499,561,,
497,561,,
497,561,,
496,560,,
495,560,,
495,561,,
495,560,,
494,560,,
493,560,,
491,560,,
489,560,,
488,560,,
487,560,,
487,560,,
486,560,,
485,560,,
485,560,,
484,560,,
483,560,,
483,560,,
483,560,,
483,560,,
483,560,,
483,560,,
483,560,,
483,560,,
483,560,,
483,560,,
483,560,,
483,560,,
483,560,,
483,560,,
482,560,,
481,560,,
481,560,,
480,560,,
480,560,,
479,560,,
479,560,,
479,560,,
479,560,,
478,560,,
477,560,,
477,560,,
477,560,,
477,560,,
478,560,,
478,560,,
479,560,,
479,560,,
480,560,,
480,560,,
480,560,,
481,560,,
481,560,,
483,560,,
483,560,,
484,560,,
485,560,,
485,560,,
486,560,,
486,560,,
487,560,,
487,560,,
487,560,,
488,560,,
488,560,,
489,560,,
489,559,,
490,560,,
491,560,,
490,559,,
491,560,,
491,559,,
491,560,,
491,560,,
491,559,,
491,559,,
492,559,,
492,559,,
493,559,,
494,559,,
493,559,,
493,559,,
493,559,,
494,559,,
494,559,,
496,559,,
496,559,,
497,559,,
497,559,,
497,559,,
498,559,,
498,559,,
497,559,,
497,559,,
496,559,,
496,559,,
497,559,,
497,559,,
498,559,,
498,559,,
499,559,,
500,559,,
501,559,,
500,559,,
499,559,,
500,559,,
499,559,,
499,558,,
498,559,,
497,559,,
497,559,,
496,559,,
496,559,,
496,559,,
496,559,,
495,559,,
496,558,,
495,558,,
495,559,,
494,558,,
494,559,,
494,558,,
494,559,,
493,559,,
492,558,,
492,558,,
491,558,,
491,558,,
491,558,,
492,558,,
492,558,,
492,558,,
492,558,,
492,558,,
491,558,,
491,558,,
491,558,,
491,558,,
490,558,,
490,558,,
490,558,,
489,558,,
489,558,,
489,558,,
489,558,,
488,558,,
487,558,,
486,558,,
486,558,,
486,558,,
486,558,,
486,558,,
484,558,,
484,558,,
484,558,,
485,558,,
484,558,,
484,558,,
485,558,,
485,558,,
485,558,,
484,558,,
484,558,,
484,558,,
485,557,,
485,558,,
485,557,,
485,557,,
485,557,,
485,557,,
485,557,,
486,557,,
485,558,,
483,558,,
483,557,,
483,558,,
483,557,,
485,557,,
486,557,,
488,557,,
490,557,,
492,557,,
495,557,5,3.210645751953125
498,557,,
502,557,,
505,557,,
507,557,,
510,557,,
512,557,,
514,557,,
516,557,,
517,557,,
518,557,,
520,557,,
521,557,,
523,557,,
524,557,,
524,557,,
524,557,,
524,557,,
524,557,,
524,557,,
523,557,,
523,557,,
524,557,,
527,557,,
529,557,,
534,557,,
538,557,,
542,557,,
546,557,,
551,557,,
555,557,,
560,557,,
566,557,,
572,557,,
575,557,,
577,557,,
579,557,,
580,556,,
582,557,,
581,557,,
580,556,,
578,556,,
577,556,,
577,557,,
578,556,,
578,557,,
578,556,,
577,557,,
576,557,,
575,556,,
572,556,,
568,557,,
565,556,,
561,556,,
555,556,,
550,556,,
544,556,,
540,556,,
536,556,,
532,556,,
527,556,,
524,557,,
519,556,,
513,556,,
509,556,,
504,556,,
499,556,,
496,556,,
492,556,,
487,556,,
482,556,,
477,556,,
473,556,,
468,556,,
464,556,,
461,556,,
458,556,,
455,556,,
454,556,,
452,556,,
451,556,,
449,556,,
447,556,,
446,556,,
444,556,,
441,556,,
440,556,,
439,556,,
438,556,,
438,556,,
437,556,,
438,556,,
439,556,,
439,556,,
439,556,,
438,556,,
438,556,,
439,556,,
440,556,,
440,556,,
440,555,,
441,556,,
442,556,,
443,556,,
444,556,,
445,556,,
445,556,,
446,555,,
447,556,,
447,556,,
447,555,,
448,556,,
449,556,,
450,555,,
451,556,,
451,555,,
453,556,,
454,555,,
455,555,,
456,555,,
456,555,,
456,555,,
456,555,,
457,555,,
459,555,,
459,555,,
460,555,,
460,555,,
461,555,,
461,555,,
462,555,,
462,555,,
460,555,,
459,555,,
458,555,,
456,555,,
454,555,,
449,555,,
445,555,,
441,555,,
436,555,,
431,555,,
427,555,,
423,555,,
420,555,,
419,555,,
419,555,,
422,555,,
425,555,,
429,555,,
434,555,,
440,555,,
448,555,,
459,555,,
474,555,,
489,555,,
505,555,,
524,555,,
544,555,,
563,554,,
582,555,,
600,555,,
621,554,,
643,555,,
665,555,,
689,555,,
712,555,,
739,555,,
768,555,,
801,555,,
831,555,,
856,555,,
875,555,,
887,555,,
888,555,,
875,555,,
844,555,,
796,555,,
742,555,,
683,555,,
623,555,,
569,555,,
520,555,,
476,555,,
438,555,,
407,555,,
380,555,,
357,555,,
337,555,,
323,555,,
315,555,,
311,555,,
309,555,,
308,555,,
307,555,,
307,555,,
306,555,,
308,555,,
312,555,,
317,554,,
325,555,,
335,554,,
344,554,,
354,555,,
364,554,,
374,554,,
384,555,,
394,554,,
404,554,,
413,554,,
422,554,,
430,554,,
436,554,,
443,554,,
448,554,,
451,554,,
455,554,,
459,554,,
461,554,,
464,554,,
466,554,,
468,554,,
469,554,,
471,554,,
472,554,,
474,554,,
475,554,,
475,554,,
476,554,,
478,554,,
479,554,,
481,554,,
483,554,,
484,554,,
486,554,,
487,554,,
488,554,,
488,554,,
488,554,,
490,553,,
491,554,,
492,553,,
492,553,,
493,554,,
493,553,,
495,554,,
495,553,,
496,553,,
497,554,,
498,553,,
498,553,,
499,553,,
499,553,,
500,553,,
501,553,,
501,553,,
502,553,,
502,553,,
502,553,,
503,553,,
504,553,,
504,553,,
506,553,,
506,553,,
507,553,,
507,553,,
508,553,,
508,553,,
509,553,,
510,553,,
511,553,,
511,553,,
511,553,,
512,553,,
512,553,,
512,553,,
513,553,,
513,553,,
515,553,,
515,553,,
515,553,,
516,553,,
517,553,,
518,553,,
518,553,,
518,553,,
518,553,,
518,553,,
518,553,,
518,553,,
518,553,,
519,553,,
519,553,,
519,553,,
521,553,,
522,553,,
523,553,,
523,552,,
523,553,,
524,553,,
525,552,,
526,553,,
527,552,,
527,553,,
527,552,,
527,552,,
527,553,,
527,552,,
527,552,,
527,553,,
527,553,,
527,552,,
527,552,,
528,553,,
529,552,,
530,552,,
529,553,,
530,552,,
531,552,,
531,552,,
531,552,,
531,552,,
531,552,,
531,552,,
532,552,,
532,552,,
532,552,,
532,552,,
534,552,,
534,552,,
533,552,,
534,552,,
534,552,,
534,552,,
534,552,,
534,552,,
533,552,,
532,552,,
532,552,,
533,552,,
534,552,,
534,552,,
535,552,,
535,552,,
535,552,,
535,552,,
535,552,,
536,552,,
536,552,,
536,552,,
537,552,,
536,552,,
534,552,,
534,552,,
534,552,,
533,552,,
532,552,,
532,552,,
532,552,,
532,552,,
532,552,,
533,552,,
534,552,,
535,552,,
534,552,,
534,552,,
535,552,,
534,552,,
533,552,,
531,552,,
531,552,,
531,552,,
531,552,,
532,552,,
534,552,,
534,551,,
534,552,,
535,551,,
536,552,,
536,552,,
536,551,,
537,552,,
536,552,,
537,552,,
537,552,,
537,552,,
536,552,,
536,552,,
536,552,,
536,552,,
537,552,,
537,552,,
537,552,,
537,552,,
537,552,,
537,552,,
536,552,,
536,552,,
534,552,,
534,552,,
534,552,,
534,552,,
533,552,,
533,552,,
534,551,,
533,552,,
531,552,,
531,551,,
530,552,,
529,552,,
529,552,,
528,552,,
527,552,,
526,552,,
525,552,,
524,552,,
524,552,,
524,551,,
523,552,,
521,552,,
521,551,,
521,552,,
520,552,,
519,552,,
517,552,,
515,551,,
514,552,,
512,552,,
512,552,,
511,552,,
510,552,,
509,552,,
508,552,,
507,552,,
506,552,,
505,552,,
504,552,,
504,552,,
504,552,,
504,552,,
504,551,,
504,552,,
504,552,,
503,552,,
502,552,,
502,552,,
502,552,,
500,552,,
499,552,,
499,552,,
498,552,,
497,552,,
497,552,,
497,552,,
497,552,,
496,552,,
496,552,,
496,552,,
496,552,,
497,552,,
497,552,,
497,552,,
498,552,,
498,552,,
498,552,,
499,552,,
500,552,,
500,552,,
502,552,,
502,552,,
503,552,,
504,552,,
504,552,,
505,552,,
504,551,,
505,552,,
505,552,,
506,552,,
507,552,,
507,552,,
507,552,,
507,552,,
508,552,,
509,552,,
509,552,,
509,552,,
510,552,,
509,552,,
509,552,,
509,552,,
510,552,,
511,552,,
511,552,,
512,552,,
513,552,,
514,552,,
515,552,,
516,552,,
517,552,,
518,552,,
518,552,,
518,552,,
518,552,,
519,552,,
520,552,,
520,552,,
520,552,,
519,552,,
519,552,,
520,552,,
520,552,,
521,552,,
520,552,,
520,552,,
519,552,,
520,552,,
520,552,,
520,552,,
520,552,,
521,552,,
521,552,,
522,552,,
522,552,,
523,552,,
522,552,,
522,552,,
523,552,,
523,552,,
523,552,,
524,552,,
523,552,,
524,552,,
524,552,,
524,552,,
525,552,,
524,552,,
524,552,,
524,552,,
524,552,,
524,552,,
524,552,,
524,552,,
525,552,,
526,552,,
526,552,,
526,552,,
526,552,,
526,552,,
526,552,,
526,552,,
525,552,,
525,552,,
524,552,,
524,552,,
523,552,,
523,552,,
523,552,,
523,552,,
523,552,,
523,552,,
523,552,,
523,552,,
521,552,,
519,552,,
519,552,,
519,552,,
519,552,,
519,552,,
519,552,,
519,552,,
519,552,,
519,552,,
520,552,,
519,552,,
520,552,,
518,552,,
518,552,,
518,552,,
518,552,,
517,552,,
516,552,,
516,552,,
515,552,,
516,552,,
516,551,,
515,552,,
515,552,,
514,552,,
512,552,,
512,552,,
512,552,,
512,552,,
512,552,,
512,552,,
512,552,,
513,552,,
514,552,,
516,552,,
518,552,,
519,552,,
521,552,,
524,551,,
527,551,,
530,552,,
533,552,,
536,552,,
539,552,,
540,552,,
542,552,,
542,552,,
543,552,,
546,552,,
547,552,,
547,552,,
548,552,,
549,552,,
550,552,,
548,552,,
548,551,,
548,552,,
547,551,,
547,552,,
546,551,,
547,552,,
549,552,,
553,551,,
557,552,,
560,552,,
564,551,,
568,552,,
573,552,,
575,552,,
579,551,,
585,552,,
591,551,,
596,552,,
599,551,,
601,551,,
604,552,,
606,551,,
606,552,,
605,552,,
604,551,,
604,551,,
604,551,,
604,551,,
604,552,,
604,551,,
604,551,,
603,552,,
600,552,,
599,552,,
596,552,,
593,552,,
589,552,,
584,552,,
578,552,,
574,551,,
570,551,,
567,551,,
562,552,,
557,552,,
552,551,,
547,552,,
543,551,,
537,551,,
532,552,,
528,552,,
524,552,,
519,552,,
514,552,,
511,552,,
508,551,,
504,552,,
500,551,,
497,551,,
494,552,,
491,551,,
488,552,,
485,551,,
483,551,,
480,552,,
476,551,,
475,552,,
473,552,,
471,552,,
467,551,,
465,552,,
464,552,,
464,551,,
464,551,,
465,552,,
464,551,,
465,551,,
465,552,,
465,552,,
465,551,,
465,551,,
466,551,,
466,551,,
467,551,,
468,552,,
470,551,,
470,551,,
470,551,,
471,551,,
472,552,,
472,551,,
473,552,,
473,551,,
473,551,,
473,552,,
474,551,,
475,551,,
474,552,,
475,551,,
476,551,,
476,551,,
476,551,,
474,551,,
473,551,,
473,551,,
472,551,,
473,551,,
474,551,,
475,551,,
476,551,,
477,551,,
478,552,,
478,551,,
479,551,,
479,552,,
479,551,,
480,552,,
481,551,,
480,551,,
479,552,,
476,551,,
472,551,,
470,551,,
466,551,,
463,552,,
459,551,,
455,551,,
451,551,,
447,551,,
445,552,,
445,551,,
446,551,,
448,551,,
451,551,,
456,551,,
462,551,,
470,551,,
479,551,,
492,551,,
508,551,,
524,551,,
541,551,,
560,551,,
580,551,,
598,551,,
615,551,,
634,551,,
653,551,,
674,551,,
697,551,,
720,551,,
744,551,,
771,551,,
802,551,,
834,551,,
861,551,,
881,552,,
894,552,,
900,551,,
896,552,,
876,552,,
839,552,,
788,552,,
732,552,,
674,552,,
619,552,,
570,552,,
528,552,,
491,551,,
459,552,,
433,552,,
410,552,,
391,552,,
376,551,,
363,552,,
353,552,,
346,552,,
340,552,,
339,551,,
338,552,,
339,551,,
339,551,,
339,552,,
340,551,,
342,551,,
345,552,,
351,551,,
357,551,,
365,552,,
373,551,,
382,552,,
391,552,,
399,551,,
409,551,,
420,551,,
431,552,,
440,552,,
449,551,,
457,552,,
464,551,,
470,551,,
475,552,,
479,551,,
481,551,,
484,552,,
487,551,,
489,551,,
492,551,,
493,551,,
493,551,,
494,551,,
496,551,,
497,551,,
499,551,,
501,551,,
501,551,,
503,551,,
504,551,,
506,551,,
508,551,,
509,551,,
511,551,,
512,551,,
513,551,,
515,551,,
516,551,,
516,551,,
518,551,,
518,551,,
519,551,,
519,551,,
520,551,,
521,551,,
522,551,,
523,551,,
524,551,,
525,551,,
525,551,,
525,551,,
525,551,,
526,551,,
526,551,,
526,551,,
527,551,,
527,551,,
527,551,,
528,551,,
529,551,,
530,551,,
530,551,,
530,551,,
532,551,,
532,551,,
532,551,,
532,551,,
533,551,,
534,551,,
535,551,,
535,551,,
535,551,,
534,551,,
534,551,,
533,551,,
533,551,,
533,551,,
533,551,,
534,551,,
535,551,,
536,551,,
536,551,,
538,551,,
540,551,,
540,551,,
540,551,,
542,551,,
542,551,,
543,551,,
544,551,,
544,551,,
544,551,,
544,551,,
544,551,,
545,551,,
545,551,,
545,551,,
545,550,,
545,551,,
544,550,,
544,550,,
545,551,,
546,550,,
545,550,,
545,550,,
545,550,,
545,551,,
545,550,,
545,551,,
545,550,,
544,550,,
544,550,,
543,550,,
543,550,,
543,550,,
544,550,,
544,550,,
545,550,,
547,550,,
547,550,,
547,550,,
548,550,,
549,550,,
550,550,,
550,550,,
551,550,,
553,550,,
552,550,,
551,550,,
552,550,,
552,550,,
553,550,,
553,550,,
552,550,,
552,550,,
552,550,,
553,550,,
553,550,,
554,550,,
553,550,,
551,550,,
551,550,,
551,550,,
551,550,,
549,550,,
548,550,,
547,550,,
546,550,,
546,550,,
545,550,,
545,550,,
546,550,,
547,550,,
547,550,,
547,550,,
546,550,,
546,550,,
546,550,,
547,550,,
548,550,,
548,550,,
548,550,,
548,550,,
547,550,,
547,550,,
547,550,,
547,550,,
547,550,,
549,550,,
549,550,,
549,549,,
550,550,,
550,550,,
550,550,,
550,549,,
551,549,,
551,549,,
551,549,,
551,549,,
550,549,,
549,549,,
548,550,,
549,549,,
549,550,,
550,549,,
550,549,,
550,550,,
550,549,,
550,549,,
550,549,,
550,549,,
551,549,,
550,549,,
551,549,,
551,549,,
550,549,,
549,549,,
548,549,,
547,549,,
547,549,,
546,549,,
546,549,,
545,549,,
545,549,,
546,549,,
545,549,,
544,549,,
543,549,,
542,549,,
542,549,,
540,549,,
540,549,,
539,549,,
537,549,,
535,549,,
534,549,,
533,549,,
533,548,,
531,549,,
531,549,,
530,548,,
529,549,,
528,549,,
527,549,,
526,549,,
524,549,,
522,549,,
520,549,,
519,548,,
518,548,,
518,548,,
517,549,,
517,548,,
517,549,,
516,548,,
515,548,,
513,549,,
511,548,,
512,548,,
511,548,,
510,548,,
509,548,,
508,548,,
508,548,,
507,548,,
507,548,,
508,548,,
510,548,,
511,548,,
510,548,,
510,548,,
510,548,,
510,548,,
510,548,,
510,548,,
509,548,,
508,548,,
508,548,,
507,548,,
507,548,,
507,548,,
507,548,,
508,548,,
509,548,,
509,548,,
509,548,,
508,548,,
508,548,,
508,548,,
508,548,,
509,548,,
510,548,,
510,548,,
510,548,,
510,548,,
510,548,,
510,548,,
510,548,,
511,548,,
512,548,,
513,548,,
514,548,,
515,548,,
515,548,,
516,548,,
517,548,,
518,548,,
518,548,,
519,548,,
519,548,,
521,548,,
524,548,,
526,548,,
527,548,,
527,548,,
527,547,,
527,548,,
527,547,,
526,548,,
526,548,,
526,547,,
526,548,,
526,547,,
526,548,,
527,548,,
528,548,,
527,548,,
528,548,,
529,547,,
529,547,,
530,547,,
529,547,,
529,547,,
530,547,,
531,547,,
531,547,,
531,547,,
531,547,,
531,547,,
531,547,,
531,547,,
531,547,,
531,547,,
530,547,,
530,547,,
529,547,,
529,547,,
528,547,,
527,548,,
527,547,,
527,547,,
527,547,,
527,547,,
527,547,,
527,547,,
527,547,,
526,547,,
526,547,,
527,547,,
527,547,,
527,547,,
527,547,,
527,547,,
526,547,,
525,547,,
524,547,,
525,547,,
525,547,,
524,547,,
523,547,,
524,547,,
523,547,,
522,547,,
522,547,,
522,547,,
523,547,,
522,547,,
522,547,,
521,547,,
519,547,,
519,547,,
519,547,,
518,547,,
518,547,,
517,547,,
516,547,,
516,547,,
516,547,,
515,547,,
516,547,,
515,546,,
515,547,,
514,546,,
514,547,,
513,547,,
513,546,,
513,546,,
513,546,,
513,546,,
512,546,,
511,546,,
511,546,,
512,546,,
513,547,,
513,547,,
514,546,,
516,546,,
518,546,,
520,546,,
523,547,,
527,546,,
530,546,,
532,546,,
534,546,,
536,546,,
536,546,,
537,546,,
539,546,,
540,546,,
541,546,,
543,546,,
546,546,,
546,546,,
546,546,,
545,546,,
544,546,,
543,546,,
543,546,,
543,546,,
543,546,,
543,546,,
544,546,,
546,546,,
550,546,,
554,546,,
558,545,,
561,546,,
565,545,,
569,546,,
572,545,,
577,545,,
582,546,,
588,546,,
591,545,,
593,546,,
596,546,,
598,546,,
599,545,,
599,545,,
599,546,,
598,546,,
598,546,,
596,545,,
596,545,,
595,545,,
594,545,,
593,545,,
590,545,,
588,545,,
585,545,,
580,545,,
576,545,,
571,545,,
567,545,,
563,545,,
558,545,,
554,545,,
550,545,,
545,545,,
540,545,,
535,545,,
531,545,,
526,545,,
522,545,,
517,545,,
514,545,,
511,545,,
508,545,,
504,545,,
499,545,,
495,545,,
491,545,,
487,545,,
485,545,,
482,545,,
479,545,,
477,545,,
475,545,,
473,545,,
471,545,,
469,545,,
466,545,,
463,545,,
462,545,,
460,545,,
459,544,,
457,545,,
456,544,,
457,544,,
457,544,,
456,544,,
457,545,,
458,544,,
458,545,,
459,544,,
460,544,,
460,544,,
460,544,,
460,544,,
461,544,,
460,544,,
460,544,,
459,544,,
459,544,,
459,544,,
458,544,,
458,544,,
459,544,,
459,544,,
458,544,,
458,544,,
459,544,,
459,544,,
459,544,,
460,544,,
461,544,,
461,544,,
462,544,,
462,544,,
463,544,,
465,544,,
465,544,,
466,544,,
466,544,,
467,543,,
468,544,,
470,544,,
471,543,,
472,544,,
472,543,,
472,544,,
472,544,,
472,543,,
472,544,,
471,543,,
468,543,,
466,543,,
463,543,,
459,544,,
455,543,,
451,543,,
447,543,,
444,543,,
440,543,,
439,543,,
438,543,,
439,543,,
441,543,,
444,543,,
446,543,,
451,543,,
457,543,,
467,543,,
480,543,,
495,543,,
510,543,,
525,543,,
543,543,,
562,543,,
579,543,,
596,543,,
613,543,,
633,543,,
653,543,,
673,543,,
696,543,,
721,543,,
749,543,,
780,543,,
812,543,,
840,543,,
861,543,,
876,543,,
884,543,,
880,543,,
862,543,,
828,543,,
780,543,,
725,543,,
669,543,,
615,543,,
568,543,,
526,543,,
491,543,,
461,543,,
436,543,,
413,543,,
394,543,,
379,543,,
365,543,,
353,543,,
344,543,,
337,543,,
332,543,,
330,543,,
329,543,,
327,543,,
327,543,,
327,543,,
329,543,,
331,543,,
333,543,,
337,543,,
344,543,,
351,543,,
359,542,,
367,543,,
375,542,,
385,542,,
395,543,,
405,542,,
416,543,,
426,542,,
435,542,,
444,542,,
450,542,,
455,542,,
461,542,,
465,542,,
469,542,,
472,542,,
474,542,,
476,542,,
478,542,,
480,542,,
481,542,,
483,542,,
485,542,,
487,542,,
488,542,,
488,542,,
489,542,,
490,542,,
491,542,,
492,542,,
494,542,,
494,542,,
496,542,,
496,542,,
498,542,,
498,542,,
498,542,,
498,541,,
500,542,,
501,542,,
503,541,,
504,541,,
504,542,,
505,541,,
506,541,,
507,541,,
508,542,,
508,541,,
509,541,,
510,541,,
510,541,,
510,541,,
510,541,,
510,541,,
511,541,,
512,541,,
513,541,,
513,541,,
513,541,,
513,541,,
514,541,,
515,541,,
515,541,,
514,541,,
514,541,,
515,541,,
515,541,,
516,541,,
517,541,,
518,541,,
518,541,,
518,541,,
519,541,,
519,541,,
519,540,,
521,540,,
521,541,,
521,540,,
522,541,,
524,540,,
524,540,,
524,540,,
525,540,,
526,540,,
527,540,,
527,540,,
527,541,,
527,540,,
527,540,,
527,540,,
528,540,,
528,540,,
529,540,,
529,540,,
530,540,,
530,540,,
531,540,,
532,540,,
532,540,,
534,540,,
534,540,,
533,540,,
532,540,,
532,540,,
531,540,,
530,540,,
529,540,,
530,540,,
531,540,,
531,540,,
532,540,,
533,540,,
535,540,,
536,540,,
536,540,,
538,540,,
539,540,,
541,540,,
542,540,,
542,540,,
541,540,,
542,540,,
541,540,,
541,540,,
540,540,,
539,539,,
538,539,,
537,539,,
537,539,,
536,539,,
536,539,,
535,539,,
535,539,,
535,539,,
535,539,,
534,539,,
534,539,,
534,539,,
534,539,,
535,539,,
535,539,,
536,539,,
537,539,,
537,539,,
538,539,,
539,539,,
539,539,,
539,539,,
538,539,,
537,539,,
537,539,,
536,539,,
536,539,,
536,539,,
535,539,,
535,539,,
534,539,,
534,538,,
534,539,,
534,539,,
535,538,,
536,539,,
535,538,,
535,538,,
535,538,,
536,538,,
536,539,,
536,538,,
536,538,,
536,538,,
536,538,,
538,538,,
539,538,,
539,538,,
540,538,,
540,538,,
540,538,,
539,538,,
540,538,,
540,538,,
540,537,,
540,538,,
540,538,,
540,538,,
541,537,,
542,537,,
541,538,,
541,538,,
541,538,,
541,538,,
541,538,,
541,538,,
541,538,,
543,537,,
543,538,,
542,537,,
541,538,,
541,537,,
542,537,,
542,538,,
542,537,,
541,537,,
540,537,,
541,537,,
539,537,,
539,537,,
537,537,,
535,537,,
534,537,,
532,537,,
531,537,,
529,537,,
529,537,,
527,537,,
524,537,,
523,537,,
521,537,,
520,537,,
518,537,,
517,537,,
515,537,,
514,537,,
514,537,,
512,537,,
511,537,,
511,537,,
509,537,,
509,537,,
508,537,,
508,537,,
508,537,,
508,537,,
507,537,,
507,537,,
507,537,,
507,537,,
506,537,,
506,537,,
507,537,,
506,537,,
505,537,,
505,537,,
505,537,,
505,537,,
504,537,,
502,537,,
501,537,,
501,537,,
501,537,,
502,536,,
502,537,,
503,537,,
503,537,,
503,537,,
504,537,,
504,537,,
503,537,,
503,537,,
503,537,,
503,537,,
504,536,,
504,537,,
504,537,,
504,536,,
504,536,,
504,536,,
504,537,,
505,536,,
505,537,,
506,536,,
507,536,,
507,537,,
507,536,,
508,536,,
508,537,,
509,536,,
510,536,,
511,536,,
512,537,,
511,536,,
512,536,,
512,536,,
512,536,,
512,536,,
512,536,,
511,536,,
512,536,,
512,536,,
513,536,,
515,536,,
515,536,,
515,536,,
514,536,,
514,536,,
515,536,,
515,536,,
515,536,,
516,536,,
517,536,,
517,536,,
516,536,,
517,536,,
518,536,,
519,536,,
519,536,,
519,536,,
519,536,,
519,536,,
522,536,,
523,536,,
524,536,,
522,536,,
521,536,,
522,536,,
522,536,,
523,536,,
522,536,,
521,536,,
523,536,,
523,536,,
523,536,,
523,536,,
522,536,,
522,536,,
522,536,,
522,536,,
522,536,,
521,536,,
521,536,,
521,536,,
521,536,,
521,536,,
521,536,,
522,536,,
522,536,,
521,536,,
521,536,,
521,536,,
520,536,,
519,536,,
520,536,,
521,536,,
520,536,,
520,536,,
521,536,,
521,536,,
519,536,,
518,536,,
518,536,,
517,536,,
517,536,,
516,536,,
515,536,,
515,536,,
515,536,,
515,536,,
514,536,,
514,536,,
514,536,,
514,536,,
514,536,,
515,536,,
514,536,,
514,536,,
514,536,,
514,536,,
515,536,,
514,536,,
515,536,,
514,536,,
514,536,,
513,536,,
512,536,,
512,536,,
512,536,,
511,536,,
511,536,,
511,536,,
512,536,,
512,536,,
511,536,,
511,536,,
510,536,,
510,536,,
508,536,,
507,536,,
506,536,,
506,536,,
506,536,,
506,536,,
506,536,,
505,536,,
504,536,,
504,536,,
505,536,,
505,536,,
506,536,,
506,536,,
507,536,,
509,536,,
511,536,,
514,536,,
516,536,,
519,536,,
522,536,,
526,536,,
529,536,,
532,536,,
535,536,,
536,536,,
537,536,,
538,536,,
540,536,,
542,536,,
543,536,,
545,536,,
546,536,,
547,536,,
546,536,,
546,536,,
546,536,,
546,536,,
545,536,,
544,536,,
544,536,,
546,536,,
548,536,,
551,536,,
555,536,,
559,536,,
562,536,,
566,536,,
570,536,,
575,536,,
581,536,,
587,536,,
593,536,,
597,536,,
600,536,,
602,536,,
603,536,,
604,536,,
604,536,,
604,536,,
603,536,,
602,536,,
601,536,,
601,536,,
601,536,,
601,536,,
599,536,,
597,536,,
595,536,,
592,536,,
588,536,,
583,536,,
578,536,,
572,536,,
567,536,,
561,536,,
556,536,,
552,536,,
547,536,,
543,536,,
539,536,,
535,536,,
530,536,,
525,536,,
521,536,,
517,536,,
513,536,,
510,536,,
506,536,,
503,536,,
498,536,,
495,536,,
491,536,,
487,536,,
483,536,,
480,536,,
478,536,,
476,536,,
474,536,,
472,536,,
470,536,,
467,536,,
465,536,,
462,536,,
460,536,,
459,536,,
459,536,,
459,536,,
458,536,,
458,536,,
457,536,,
458,536,,
459,537,,
459,536,,
460,536,,
460,537,,
461,536,,
462,537,,
462,536,,
462,536,,
463,536,,
464,536,,
463,537,,
465,536,,
466,537,,
467,537,,
469,537,,
470,537,,
470,537,,
470,537,,
470,537,,
470,537,,
469,537,,
470,537,,
471,537,,
471,537,,
471,537,,
471,537,,
472,537,,
472,537,,
472,537,,
473,537,,
474,537,,
475,537,,
475,537,,
476,537,,
477,537,,
477,537,,
477,537,,
478,537,,
479,537,,
479,537,,
480,537,,
480,537,,
479,537,,
477,537,,
475,537,,
471,537,,
467,537,,
462,537,,
456,537,,
451,537,,
446,537,,
444,537,,
443,537,,
443,537,,
446,537,,
449,537,,
453,537,,
457,537,,
463,537,,
472,537,,
482,537,,
495,537,,
510,537,,
525,537,,
543,537,,
562,537,,
580,537,,
598,538,,
615,537,,
635,538,,
653,538,,
674,537,,
697,538,,
719,538,,
745,538,,
774,538,,
805,538,,
836,538,,
862,538,,
881,539,,
893,538,,
897,538,,
887,539,,
861,539,,
818,538,,
765,539,,
707,539,,
649,539,,
596,539,,
547,539,,
506,539,,
469,539,,
437,539,,
410,539,,
387,539,,
368,539,,
352,539,,
342,539,,
335,539,,
331,539,,
330,539,,
330,539,,
329,539,,
327,539,,
328,539,,
329,539,,
332,539,,
337,539,,
343,539,,
350,539,,
360,539,,
369,539,,
379,539,,
389,539,,
399,539,,
410,539,,
421,539,,
431,539,,
441,539,,
449,539,,
457,539,,
463,539,,
469,539,,
474,539,,
479,540,,
483,540,,
487,539,,
490,540,,
492,539,,
494,539,,
496,540,,
497,539,,
498,540,,
499,540,,
500,540,,
501,540,,
503,539,,
504,540,,
505,540,,
506,540,,
508,540,,
508,540,,
509,540,,
510,540,,
510,540,,
512,540,,
512,540,,
513,540,,
513,540,,
515,540,,
515,540,,
515,540,,
515,540,,
515,540,,
515,540,,
515,540,,
516,540,,
516,540,,
517,540,,
518,540,,
519,540,,
520,540,,
520,540,,
521,540,,
521,540,,
523,540,,
523,540,,
524,540,,
524,540,,
526,540,,
527,540,,
528,540,,
529,540,,
531,540,,
532,540,,
532,540,,
532,540,,
532,541,,
532,540,,
533,540,,
533,541,,
535,541,,
536,541,,
536,541,,
536,541,,
537,541,,
536,540,,
537,541,,
536,541,,
536,541,,
537,541,,
537,541,,
536,541,,
536,541,,
536,541,,
536,541,,
536,541,,
537,541,,
537,541,,
537,541,,
538,541,,
539,541,,
540,541,,
542,541,,
543,541,,
543,541,,
544,541,,
545,541,,
545,541,,
546,541,,
546,542,,
547,542,,
546,542,,
546,542,,
545,542,,
546,542,,
547,541,,
547,542,,
547,542,,
547,542,,
547,542,,
547,542,,
547,542,,
547,542,,
548,542,,
548,542,,
548,542,,
550,542,,
551,542,,
551,542,,
553,542,,
553,542,,
553,542,,
553,542,,
553,542,,
553,542,,
553,542,,
553,542,,
553,542,,
552,542,,
552,543,,
552,542,,
552,542,,
551,542,,
551,542,,
552,543,,
552,542,,
552,543,,
552,542,,
552,543,,
551,543,,
551,543,,
551,543,,
551,543,,
550,543,,
550,543,,
550,543,,
551,543,,
551,543,,
552,543,,
552,543,,
552,543,,
552,543,,
551,543,,
551,543,,
550,543,,
550,543,,
550,543,,
550,543,,
550,543,,
551,543,,
551,543,,
550,543,,
550,543,,
550,543,,
551,543,,
551,543,,
551,543,,
551,543,,
552,543,,
552,543,,
551,543,,
551,543,,
551,543,,
550,543,,
550,543,,
551,543,,
550,543,,
550,543,,
550,543,,
551,544,,
551,544,,
551,544,,
551,544,,
551,544,,
551,544,,
551,544,,
551,544,,
551,544,,
551,544,,
550,544,,
550,544,,
551,544,,
551,544,,
551,544,,
551,544,,
551,544,,
551,544,,
551,544,,
549,544,,
549,544,,
548,544,,
547,544,,
547,544,,
547,544,,
546,544,,
545,544,,
545,545,,
543,544,,
541,545,,
539,545,,
538,544,,
536,545,,
535,544,,
534,545,,
533,545,,
532,544,,
531,545,,
531,545,,
530,545,,
528,545,,
527,545,,
526,545,,
525,545,,
525,545,,
524,545,,
523,545,,
521,545,,
521,545,,
521,545,,
519,545,,
519,545,,
518,545,,
518,545,,
516,545,,
515,545,,
515,545,,
516,545,,
515,545,,
515,545,,
515,545,,
515,545,,
512,545,,
511,545,,
510,545,,
510,546,,
510,545,,
509,546,,
510,546,,
509,545,,
508,546,,
508,545,,
509,546,,
509,546,,
509,546,,
510,546,,
510,546,,
510,546,,
510,546,,
509,546,,
508,546,,
509,546,,
509,546,,
510,546,,
511,546,,
511,546,,
511,546,,
512,546,,
511,546,,
512,546,,
512,546,,
513,546,,
514,546,,
514,546,,
516,546,,
516,546,,
516,547,,
516,547,,
517,547,,
518,547,,
518,547,,
518,547,,
518,547,,
519,547,,
519,547,,
519,547,,
519,547,,
519,547,,
519,547,,
518,547,,
517,547,,
519,547,,
521,547,,
520,547,,
520,547,,
521,547,,
522,546,,
523,547,,
524,547,,
524,547,,
524,547,,
524,547,,
524,547,,
524,547,,
525,547,,
525,547,,
526,547,,
526,547,,
525,547,,
526,547,,
526,547,,
527,547,,
527,547,,
527,547,,
527,547,,
528,547,,
528,547,,
529,547,,
529,547,,
529,547,,
528,547,,
528,547,,
527,547,,
527,547,,
527,547,,
526,548,,
526,547,,
527,548,,
525,547,,
525,548,,
525,548,,
525,547,,
525,548,,
525,548,,
526,548,,
526,548,,
526,547,,
525,548,,
524,548,,
524,548,,
523,548,,
523,548,,
522,548,,
522,548,,
523,548,,
524,548,,
523,548,,
523,548,,
523,548,,
522,548,,
522,548,,
521,548,,
521,548,,
520,548,,
519,548,,
519,548,,
519,548,,
519,548,,
519,548,,
520,548,,
519,548,,
519,548,,
520,548,,
519,548,,
519,548,,
519,548,,
519,548,,
519,548,,
520,548,,
519,548,,
518,548,,
518,548,,
516,548,,
514,548,,
514,548,,
514,548,,
514,548,,
514,548,,
515,548,,
515,548,,
515,549,,
515,548,,
515,548,,
515,548,,
515,548,,
515,548,,
513,548,,
515,549,,
514,548,,
514,548,,
514,549,,
513,548,,
513,548,,
513,548,,
513,549,,
513,548,,
513,548,,
512,548,,
512,549,,
512,549,,
512,549,,
512,548,,
512,549,,
512,548,,
512,549,,
512,549,,
513,548,,
514,548,,
516,549,,
519,549,,
521,549,,
524,549,,
527,549,,
530,549,,
533,548,,
537,549,,
540,549,,
542,549,,
543,549,,
544,549,,
546,549,,
548,549,,
551,549,,
552,549,,
555,549,,
556,549,,
556,549,,
556,549,,
556,549,,
555,549,,
554,549,,
554,549,,
555,549,,
554,549,,
554,549,,
556,549,,
559,549,,
562,549,,
565,549,,
568,549,,
571,549,,
574,548,,
579,549,,
584,549,,
591,549,,
596,549,,
600,549,,
604,549,,
604,549,,
606,549,,
607,549,,
606,549,,
605,549,,
604,549,,
604,549,,
603,549,,
602,549,,
601,549,,
600,549,,
599,549,,
597,549,,
595,549,,
592,549,,
589,549,,
585,549,,
580,549,,
575,549,,
571,549,,
566,549,,
561,549,,
556,549,,
549,549,,
545,549,,
541,549,,
536,549,,
531,549,,
527,549,,
523,549,,
519,549,,
515,549,,
511,550,,
506,549,,
502,549,,
497,549,,
493,549,,
489,549,,
487,549,,
483,549,,
480,549,,
479,549,,
477,549,,
474,549,,
473,549,,
471,549,,
467,549,,
465,550,,
463,549,,
462,549,,
460,549,,
459,549,,
458,550,,
459,549,,
458,550,,
458,549,,
458,549,,
458,550,,
458,550,,
459,549,,
461,549,,
462,549,,
462,549,,
463,549,,
464,549,,
464,549,,
465,549,,
465,550,,
464,549,,
466,549,,
466,549,,
466,549,,
467,549,,
466,549,,
467,549,,
467,549,,
465,549,,
465,550,,
465,549,,
466,549,,
467,549,,
467,549,,
467,549,,
468,549,,
469,549,,
470,549,,
471,549,,
472,549,,
473,549,,
472,549,,
473,549,,
473,549,,
473,549,,
474,549,,
475,549,,
475,549,,
475,549,,
475,549,,
474,549,,
473,549,,
471,549,,
469,549,,
465,549,,
462,549,,
458,549,,
453,549,,
448,549,,
445,549,,
442,549,,
440,549,,
439,549,,
440,549,,
443,549,,
446,549,,
449,549,,
454,549,,
461,549,,
471,549,,
483,549,,
498,549,,
512,549,,
529,549,,
547,549,,
566,549,,
583,549,,
602,549,,
621,549,,
641,549,,
663,549,,
686,549,,
709,549,,
736,549,,
765,549,,
797,549,,
830,549,,
858,549,,
880,549,,
895,550,,
902,549,,
896,549,,
873,549,,
833,549,,
782,550,,
726,550,,
667,549,,
611,549,,
561,550,,
516,549,,
476,549,,
441,549,,
413,549,,
389,550,,
368,549,,
351,549,,
340,549,,
333,550,,
330,549,,
329,549,,
327,549,,
326,549,,
324,549,,
324,549,,
327,549,,
329,549,,
335,549,,
343,549,,
353,549,,
363,549,,
372,549,,
381,549,,
390,549,,
400,549,,
410,549,,
421,549,,
432,549,,
441,549,,
449,549,,
456,549,,
462,549,,
468,549,,
473,549,,
478,549,,
481,549,,
485,549,,
487,549,,
489,549,,
491,549,,
491,549,,
492,549,,
493,548,,
494,549,,
495,549,,
496,549,,
496,549,,
496,549,,
496,548,,
496,548,,
496,549,,
498,549,,
499,549,,
500,548,,
502,548,,
503,548,,
504,548,,
505,549,,
506,549,,
507,548,,
508,548,,
510,548,,
511,548,,
512,548,,
512,548,,
512,548,,
513,548,,
514,549,,
515,548,,
516,548,,
516,549,,
516,548,,
515,548,,
515,548,,
516,548,,
517,548,,
518,548,,
520,548,,
520,548,,
521,548,,
522,548,,
522,548,,
523,548,,
524,548,,
525,548,,
526,548,,
526,548,,
527,548,,
528,548,,
529,548,,
530,548,,
530,548,,
531,548,,
531,548,,
531,548,,
532,548,,
531,548,,
531,548,,
531,548,,
532,548,,
532,548,,
533,548,,
534,548,,
534,548,,
535,548,,
535,548,,
536,548,,
537,548,,
538,548,,
540,548,,
541,548,,
541,548,,
542,548,,
542,548,,
543,548,,
543,548,,
544,548,,
544,548,,
543,548,,
543,548,,
543,548,,
543,548,,
543,548,,
543,548,,
544,548,,
544,548,,
543,548,,
543,548,,
543,547,,
544,548,,
545,548,,
545,547,,
546,548,,
545,547,,
546,548,,
546,548,,
547,547,,
548,548,,
549,547,,
548,547,,
548,547,,
547,547,,
547,547,,
548,547,,
549,547,,
549,547,,
550,547,,
550,547,,
551,547,,
551,547,,
551,547,,
551,547,,
551,547,,
552,547,,
552,547,,
552,547,,
553,547,,
555,547,,
555,547,,
555,547,,
556,547,,
556,547,,
557,547,,
557,547,,
557,547,,
556,547,,
555,547,,
555,547,,
555,547,,
555,547,,
553,547,,
553,547,,
552,547,,
551,547,,
551,547,,
552,547,,
552,547,,
552,547,,
553,547,,
553,547,,
552,547,,
553,547,,
553,547,,
553,547,,
554,547,,
555,547,,
555,547,,
554,547,,
555,547,,
556,547,,
556,547,,
556,547,,
556,547,,
556,546,,
557,547,,
556,547,,
556,547,,
557,547,,
557,547,,
557,547,,
558,546,,
558,546,,
557,546,,
558,547,,
558,546,,
560,547,,
560,546,,
560,546,,
559,546,,
559,546,,
559,546,,
560,546,,
560,547,,
560,546,,
559,546,,
557,546,,
556,546,,
555,546,,
555,546,,
555,546,,
553,546,,
553,546,,
552,546,,
550,546,,
548,546,,
547,546,,
546,546,,
545,546,,
544,546,,
543,546,,
543,546,,
541,546,,
540,546,,
538,546,,
537,546,,
535,546,,
534,546,,
533,546,,
532,546,,
531,546,,
529,546,,
529,546,,
528,546,,
527,546,,
528,546,,
528,546,,
528,546,,
526,546,,
525,546,,
525,546,,
525,546,,
524,546,,
523,546,,
524,546,,
524,546,,
523,546,,
521,545,,
521,545,,
521,545,,
521,545,,
522,545,,
523,545,,
523,545,,
522,545,,
524,545,,
524,545,,
524,545,,
523,545,,
522,545,,
521,545,,
519,545,,
519,545,,
518,545,,
518,545,,
518,545,,
518,545,,
518,545,,
516,545,,
516,545,,
516,545,,
515,545,,
515,545,,
516,545,,
518,545,,
518,545,,
518,545,,
517,545,,
516,545,,
516,545,,
516,545,,
517,545,,
519,545,,
519,545,,
520,545,,
521,545,,
522,545,,
523,545,,
524,545,,
524,545,,
525,545,,
525,545,,
525,545,,
525,545,,
526,545,,
526,545,,
527,545,,
527,545,,
527,545,,
527,545,,
529,545,,
529,545,,
529,545,,
530,545,,
530,545,,
530,545,,
530,545,,
531,545,,
532,545,,
533,545,,
535,545,,
536,545,,
537,544,,
539,544,,
540,545,,
540,545,,
541,545,,
541,544,,
542,545,,
542,544,,
542,545,,
542,544,,
542,544,,
543,544,,
544,544,,
544,544,,
544,544,,
544,544,,
545,544,,
546,544,,
545,544,,
545,544,,
546,544,,
545,544,,
546,544,,
546,544,,
546,544,,
546,544,,
547,544,,
547,544,,
547,544,,
546,544,,
546,544,,
545,544,,
545,544,,
545,544,,
544,544,,
544,544,,
545,544,,
546,544,,
547,544,,
546,544,,
546,543,,
546,544,,
545,543,,
544,544,,
545,544,,
544,543,,
544,543,,
543,543,,
543,544,,
543,544,,
542,543,,
541,544,,
541,544,,
540,543,,
539,543,,
540,543,,
541,543,,
540,543,,
540,543,,
539,543,,
539,543,,
539,543,,
538,543,,
537,543,,
536,543,,
536,543,,
536,543,,
535,543,,
536,543,,
536,543,,
536,543,,
538,543,,
538,543,,
539,543,,
538,543,,
537,543,,
539,543,,
539,543,,
539,543,,
539,543,,
539,543,,
539,543,,
538,543,,
537,543,,
537,543,,
537,543,,
537,543,,
536,543,,
536,543,,
536,543,,
535,543,,
534,543,,
533,543,,
533,543,,
533,543,,
532,543,,
532,543,,
532,543,,
533,543,,
534,543,,
535,543,,
535,543,,
535,543,,
535,542,,
535,543,,
535,542,,
535,542,,
535,543,,
535,542,,
536,543,,
536,542,,
536,542,,
536,542,,
537,542,,
538,542,,
539,542,,
542,542,,
543,542,,
545,542,,
548,542,,
550,542,,
554,542,,
558,542,,
560,542,,
562,542,,
565,542,,
567,542,,
568,542,,
568,542,,
568,542,,
570,542,,
572,542,,
574,542,,
576,542,,
577,542,,
578,542,,
577,542,,
577,542,,
576,542,,
576,542,,
576,541,,
577,542,,
576,541,,
578,542,,
580,542,,
583,542,,
588,541,,
592,542,,
597,541,,
601,541,,
606,542,,
610,542,,
616,541,,
623,541,,
628,541,,
632,541,,
635,541,,
638,541,,
639,541,,
639,541,,
639,541,,
637,541,,
635,541,,
634,541,,
633,541,,
632,541,,
633,541,,
633,541,,
632,541,,
629,541,,
625,541,,
622,541,,
617,541,,
612,541,,
607,541,,
602,541,,
596,541,,
591,541,,
585,541,,
580,541,,
576,540,,
571,541,,
566,540,,
561,540,,
556,540,,
551,540,,
546,540,,
542,540,,
538,540,,
534,540,,
530,540,,
526,540,,
522,540,,
518,540,,
514,540,,
511,540,,
508,540,,
507,540,,
505,540,,
504,540,,
502,540,,
501,540,,
498,540,,
496,540,,
493,540,,
490,540,,
487,540,,
487,540,,
485,540,,
483,540,,
483,540,,
483,540,,
483,540,,
482,540,,
483,540,,
483,540,,
483,540,,
483,540,,
484,540,,
484,540,,
485,539,,
485,540,,
486,540,,
486,540,,
487,540,,
488,540,,
489,540,,
490,540,,
491,540,,
491,540,,
492,540,,
492,539,,
493,540,,
494,539,,
494,539,,
494,539,,
494,539,,
494,539,,
493,539,,
492,539,,
494,539,,
496,539,,
496,539,,
496,539,,
497,539,,
497,539,,
497,539,,
498,539,,
498,539,,
499,539,,
500,539,,
501,539,,
501,539,,
501,539,,
501,539,,
500,539,,
499,539,,
497,538,,
493,538,,
490,539,,
486,538,,
481,539,,
475,539,,
469,538,,
465,539,,
462,538,,
461,539,,
461,538,,
463,538,,
467,538,,
471,538,,
476,538,,
481,538,,
490,538,,
500,538,,
515,538,,
530,538,,
546,538,,
564,538,,
584,538,,
603,538,,
622,538,,
640,538,,
660,538,,
681,538,,
702,538,,
725,538,,
750,538,,
776,538,,
806,538,,
838,538,,
870,538,,
896,538,,
916,538,,
930,538,,
933,538,,
920,538,,
893,538,,
849,538,,
794,538,,
737,538,,
679,538,,
623,538,,
574,538,,
530,538,,
492,538,,
458,538,,
431,538,,
409,538,,
391,538,,
375,538,,
364,537,,
358,538,,
354,538,,
352,537,,
351,537,,
350,537,,
348,537,,
350,537,,
353,537,,
356,537,,
361,537,,
369,537,,
376,537,,
384,537,,
391,537,,
399,537,,
408,537,,
419,537,,
430,537,,
440,537,,
449,537,,
458,537,,
467,537,,
473,537,,
480,537,,
487,537,,
491,537,,
495,537,,
499,537,,
502,536,,
504,536,,
507,536,,
508,537,,
508,536,,
510,536,,
511,537,,
512,536,,
512,536,,
513,536,,
516,536,,
517,536,,
518,536,,
519,536,,
519,536,,
519,536,,
520,536,,
520,536,,
521,536,,
523,536,,
524,536,,
524,536,,
524,536,,
525,536,,
526,536,,
527,536,,
527,536,,
527,536,,
529,536,,
529,536,,
530,536,,
530,536,,
530,536,,
530,536,,
531,536,,
531,535,,
532,536,,
533,536,,
534,536,,
534,535,,
535,535,,
536,535,,
537,535,,
538,535,,
538,535,,
539,535,,
539,535,,
538,535,,
540,535,,
541,535,,
542,535,,
542,535,,
541,535,,
541,535,,
542,535,,
542,535,,
543,535,,
543,535,,
543,535,,
543,535,,
543,535,,
544,535,,
544,535,,
546,535,,
547,535,,
546,535,,
546,535,,
547,535,,
547,534,,
547,535,,
548,535,,
548,534,,
548,534,,
547,534,,
547,534,,
547,534,,
550,534,,
551,534,,
551,534,,
551,534,,
552,534,,
552,534,,
551,534,,
552,534,,
553,534,,
554,534,,
555,534,,
555,534,,
556,534,,
556,534,,
556,534,,
556,534,,
556,534,,
556,534,,
556,534,,
556,534,,
557,534,,
557,534,,
558,534,,
557,533,,
556,533,,
557,534,,
557,533,,
558,533,,
558,533,,
558,533,,
558,533,,
558,533,,
558,533,,
558,533,,
558,533,,
559,533,,
558,533,,
560,533,,
561,533,,
561,532,,
562,533,,
563,533,,
562,533,,
561,533,,
561,532,,
561,533,,
561,532,,
560,533,,
559,533,,
559,532,,
559,532,,
559,533,,
560,532,,
560,532,,
560,532,,
560,532,,
559,532,,
559,532,,
560,532,,
560,532,,
559,532,,
559,532,,
559,532,,
558,532,,
558,532,,
557,532,,
556,532,,
555,532,,
556,532,,
555,532,,
554,532,,
553,532,,
552,532,,
553,532,,
553,532,,
554,532,,
555,532,,
554,532,,
554,532,,
554,531,,
554,532,,
554,532,,
555,531,,
554,531,,
554,531,,
553,531,,
553,531,,
553,531,,
553,531,,
553,531,,
553,531,,
552,531,,
552,531,,
553,531,,
552,531,,
552,531,,
552,531,,
552,531,,
552,531,,
553,531,,
552,531,,
552,531,,
552,531,,
551,531,,
551,531,,
550,531,,
550,531,,
548,531,,
547,531,,
545,531,,
543,531,,
541,531,,
539,531,,
537,531,,
536,531,,
536,531,,
535,531,,
533,531,,
531,531,,
531,531,,
529,531,,
527,531,,
526,531,,
524,531,,
523,531,,
521,531,,
519,530,,
519,531,,
516,531,,
515,531,,
513,531,,
512,531,,
511,531,,
509,531,,
508,531,,
507,531,,
506,530,,
505,531,,
504,530,,
503,530,,
503,530,,
502,530,,
501,530,,
500,530,,
499,530,,
499,530,,
497,530,,
496,530,,
495,530,,
494,530,,
494,530,,
493,530,,
492,530,,
492,530,,
492,530,,
492,530,,
492,530,,
491,530,,
491,530,,
492,530,,
491,530,,
491,530,,
490,530,,
489,530,,
490,530,,
489,530,,
489,530,,
489,530,,
487,530,,
488,529,,
489,530,,
490,529,,
489,530,,
488,530,,
489,530,,
489,530,,
489,530,,
491,530,,
491,529,,
491,529,,
490,529,,
490,529,,
490,529,,
489,529,,
489,529,,
490,529,,
490,529,,
491,529,,
492,529,,
492,529,,
492,529,,
493,529,,
493,529,,
492,529,,
492,529,,
493,529,,
493,529,,
493,529,,
493,529,,
493,529,,
493,529,,
494,529,,
494,529,,
495,529,,
496,529,,
497,529,,
497,529,,
498,529,,
498,529,,
499,529,,
498,529,,
498,529,,
498,529,,
498,529,,
498,529,,
499,529,,
499,529,,
499,529,,
500,529,,
502,528,,
503,529,,
503,528,,
503,529,,
504,528,,
503,528,,
504,529,,
504,529,,
504,529,,
504,529,,
504,529,,
504,529,,
502,528,,
501,529,,
501,529,,
500,528,,
498,529,,
497,528,,
496,528,,
496,528,,
495,528,,
495,528,,
496,528,,
497,528,,
497,528,,
497,528,,
497,528,,
496,528,,
496,528,,
496,528,,
495,528,,
496,528,,
496,528,,
496,528,,
495,528,,
495,528,,
495,528,,
494,528,,
494,528,,
494,528,,
494,528,,
494,528,,
493,528,,
493,528,,
492,528,,
490,527,,
491,528,,
490,528,,
489,528,,
489,528,,
488,528,,
489,528,,
489,528,,
488,528,,
489,528,,
490,528,,
490,527,,
491,528,,
489,528,,
487,528,,
487,527,,
486,527,,
485,528,,
484,527,,
484,527,,
483,527,,
483,527,,
482,527,,
483,527,,
483,527,,
483,527,,
482,527,,
482,527,,
481,527,,
480,527,,
480,527,,
480,527,,
479,527,,
478,527,,
476,527,,
476,527,,
475,527,,
475,527,,
475,527,,
475,527,,
476,527,,
475,527,,
476,527,,
476,527,,
476,527,,
476,527,,
477,527,,
479,527,,
479,527,,
479,527,,
480,527,,
481,527,,
482,527,,
484,527,,
487,527,,
489,527,,
492,527,,
494,527,,
496,527,,
496,527,,
497,527,,
498,527,,
499,527,,
499,527,,
502,527,,
504,527,,
505,527,,
505,527,,
505,527,,
505,527,,
505,527,,
505,527,,
504,527,,
504,527,,
505,527,,
505,527,,
508,527,,
510,527,,
513,527,,
516,527,,
519,527,,
523,527,,
527,527,,
531,527,,
535,527,,
540,527,,
546,527,,
551,527,,
553,527,,
556,527,,
558,527,,
560,527,,
561,527,,
561,527,,
561,527,,
561,526,,
561,527,,
562,526,,
563,527,,
562,527,,
560,527,,
558,527,,
554,526,,
551,526,,
547,527,,
542,527,,
536,527,,
529,526,,
524,526,,
519,526,,
514,526,,
510,527,,
504,526,,
500,526,,
496,526,,
491,527,,
487,526,,
482,526,,
478,526,,
473,526,,
469,526,,
466,526,,
463,526,,
459,526,,
454,526,,
450,526,,
448,526,,
444,526,,
440,526,,
436,526,,
433,526,,
431,526,,
430,526,,
429,526,,
427,526,,
425,526,,
423,526,,
422,526,,
419,526,,
417,526,,
415,526,,
415,526,,
415,526,,
415,526,,
415,526,,
417,526,,
418,526,,
418,526,,
419,526,,
418,526,,
418,526,,
417,526,,
417,526,,
418,526,,
417,526,,
417,526,,
417,526,,
418,526,,
419,526,,
419,526,,
419,525,,
418,526,,
418,526,,
419,526,,
419,526,,
419,526,,
419,526,,
421,526,,
422,526,,
422,526,,
423,526,,
424,526,,
424,526,,
426,526,,
428,526,,
428,525,,
428,526,,
429,526,,
430,526,,
430,526,,
430,525,,
430,525,,
430,525,,
430,525,,
427,526,,
428,526,,
427,526,,
427,526,,
427,525,,
425,525,,
423,525,,
422,525,,
419,525,,
415,525,,
411,525,,
406,525,,
401,525,,
398,525,,
395,525,,
394,525,,
394,525,,
397,525,,
399,525,,
402,525,,
405,525,,
412,525,,
420,525,,
430,525,,
443,525,,
459,525,,
474,525,,
491,525,,
510,525,,
527,525,,
544,525,,
560,525,,
579,525,,
597,525,,
616,525,,
637,525,,
659,525,,
686,525,,
714,525,,
744,525,,
775,525,,
803,525,,
824,525,,
840,526,,
847,525,,
840,526,,
821,526,,
785,525,,
735,526,,
679,526,,
623,525,,
570,526,,
523,525,,
483,526,,
449,526,,
419,525,,
393,525,,
371,526,,
353,526,,
337,525,,
323,525,,
312,526,,
303,525,,
297,525,,
294,525,,
291,526,,
291,525,,
291,525,,
290,525,,
290,525,,
291,525,,
293,525,,
296,525,,
302,525,,
308,525,,
316,525,,
324,525,,
332,525,,
341,525,,
352,525,,
361,525,,
371,525,,
380,525,,
389,525,,
398,525,,
405,525,,
412,525,,
418,525,,
423,525,,
428,525,,
432,525,,
435,525,,
437,525,,
439,525,,
441,525,,
443,525,,
445,524,,
448,525,,
449,525,,
450,525,,
452,525,,
453,525,,
455,525,,
456,525,,
457,525,,
459,525,,
459,525,,
460,525,,
460,525,,
461,525,,
461,525,,
462,525,,
463,525,,
463,524,,
463,525,,
465,525,,
466,525,,
467,525,,
467,524,,
467,525,,
467,525,,
468,524,,
470,525,,
470,525,,
472,525,,
472,525,,
473,524,,
474,525,,
475,524,,
477,525,,
479,525,,
480,524,,
481,525,,
481,524,,
482,524,,
483,524,,
483,524,,
484,525,,
484,524,,
486,525,,
486,525,,
486,524,,
486,525,,
486,524,,
485,525,,
485,525,,
486,525,,
486,525,,
486,525,,
486,525,,
487,524,,
487,524,,
487,525,,
488,524,,
489,525,,
491,524,,
491,524,,
492,524,,
494,525,,
495,524,,
496,524,,
497,524,,
497,525,,
498,524,,
499,525,,
499,525,,
499,524,,
500,524,,
501,524,,
502,525,,
502,524,,
502,524,,
503,524,,
504,524,,
505,524,,
505,524,,
505,524,,
505,525,,
505,524,,
505,524,,
505,524,,
505,524,,
505,524,,
504,525,,
503,525,,
503,524,,
502,524,,
503,524,,
503,524,,
503,524,,
504,524,,
504,524,,
505,524,,
506,524,,
506,524,,
508,524,,
508,524,,
507,524,,
507,524,,
508,524,,
507,524,,
508,524,,
508,524,,
507,524,,
505,524,,
504,524,,
503,524,,
502,524,,
502,524,,
502,524,,
502,524,,
502,524,,
503,524,,
504,524,,
505,524,,
505,524,,
506,524,,
508,524,,
508,524,,
509,524,,
510,524,,
510,524,,
510,524,,
509,524,,
507,524,,
507,524,,
508,524,,
508,524,,
509,524,,
509,524,,
509,524,,
510,524,,
509,524,,
509,524,,
509,524,,
509,524,,
509,524,,
509,524,,
509,524,,
508,524,,
508,524,,
508,524,,
508,524,,
508,524,,
509,524,,
508,524,,
509,524,,
510,524,,
511,524,,
511,524,,
511,524,,
511,524,,
513,524,,
513,524,,
513,524,,
514,524,,
514,524,,
514,524,,
514,524,,
514,524,,
514,524,,
514,524,,
513,524,,
513,524,,
514,524,,
515,524,,
515,524,,
515,524,,
515,524,,
515,524,,
514,524,,
513,524,,
512,524,,
512,524,,
512,524,,
512,524,,
511,524,,
510,524,,
508,524,,
507,524,,
505,524,,
505,524,,
503,524,,
502,524,,
502,524,,
501,524,,
500,524,,
499,524,,
498,524,,
496,524,,
495,524,,
493,524,,
492,524,,
491,524,,
489,524,,
487,524,,
486,524,,
484,524,,
484,524,,
483,524,,
482,524,,
481,524,,
481,524,,
481,524,,
480,524,,
480,524,,
479,524,,
479,524,,
479,524,,
478,524,,
480,524,,
480,524,,
481,524,,
482,524,,
483,524,,
482,524,,
481,524,,
480,524,,
478,524,,
478,524,,
477,524,,
476,524,,
475,524,,
474,524,,
475,524,,
474,524,,
473,524,,
473,524,,
472,524,,
471,524,,
470,524,,
469,524,,
469,524,,
468,524,,
467,524,,
467,524,,
468,524,,
468,524,,
469,524,,
470,524,,
471,524,,
472,524,,
472,524,,
473,524,,
473,524,,
476,524,,
477,524,,
479,524,,
480,524,,
481,524,,
481,524,,
483,524,,
483,524,,
484,524,,
484,524,,
482,524,,
482,524,,
481,524,,
481,524,,
481,524,,
480,524,,
482,524,,
482,524,,
483,524,,
484,525,,
485,524,,
487,525,,
487,524,,
487,524,,
488,524,,
490,525,,
492,524,,
493,524,,
494,524,,
494,524,,
495,524,,
495,524,,
495,525,,
495,524,,
496,525,,
496,524,,
496,524,,
495,524,,
495,524,,
495,525,,
495,525,,
494,524,,
495,525,,
495,524,,
495,525,,
496,524,,
496,524,,
495,524,,
495,524,,
494,525,,
493,524,,
493,524,,
493,525,,
492,524,,
492,524,,
492,524,,
492,525,,
493,525,,
493,525,,
493,525,,
494,525,,
493,524,,
494,525,,
493,524,,
494,525,,
493,525,,
493,524,,
491,525,,
490,525,,
490,525,,
489,524,,
489,524,,
489,524,,
489,525,,
488,524,,
489,525,,
488,524,,
489,525,,
490,524,,
490,525,,
490,525,,
490,525,,
491,525,,
491,525,,
491,525,,
491,525,,
490,524,,
490,525,,
490,525,,
490,525,,
489,525,,
489,525,,
488,525,,
488,525,,
487,525,,
487,525,,
487,525,,
487,525,,
487,525,,
486,525,,
485,525,,
485,525,,
484,525,,
484,525,,
485,525,,
485,525,,
484,525,,
484,525,,
483,525,,
484,525,,
483,525,,
484,524,,
485,525,,
486,525,,
486,525,,
486,525,,
488,525,,
490,525,,
491,525,,
493,525,,
496,525,,
497,525,,
498,525,,
500,525,,
502,525,,
503,525,,
504,524,,
505,525,,
507,525,,
508,525,,
510,525,,
512,525,,
513,525,,
514,525,,
514,525,,
513,525,,
513,525,,
514,525,,
513,525,,
514,525,,
514,525,,
515,525,,
518,525,,
520,525,,
524,525,,
526,525,,
529,525,,
532,525,,
536,525,,
540,525,,
545,525,,
549,525,,
554,525,,
558,525,,
560,525,,
563,525,,
564,525,,
566,525,,
567,525,,
568,525,,
568,525,,
567,525,,
567,525,,
569,525,,
569,525,,
570,526,,
569,525,,
568,525,,
565,525,,
562,525,,
559,526,,
555,525,,
550,526,,
544,525,,
539,525,,
533,525,,
528,525,,
524,526,,
520,526,,
515,525,,
511,525,,
506,526,,
500,525,,
497,526,,
493,526,,
489,526,,
485,526,,
482,526,,
478,526,,
474,526,,
470,525,,
466,525,,
463,525,,
459,526,,
457,526,,
455,526,,
452,526,,
450,526,,
449,525,,
446,526,,
444,526,,
441,526,,
438,526,,
435,526,,
434,526,,
433,526,,
432,525,,
431,526,,
430,526,,
429,526,,
429,526,,
429,526,,
429,526,,
428,526,,
429,526,,
429,526,,
430,526,,
431,526,,
431,526,,
433,526,,
435,526,,
436,526,,
436,526,,
438,526,,
438,526,,
439,526,,
438,526,,
437,526,,
436,526,,
435,526,,
434,526,,
434,526,,
434,526,,
435,526,,
436,526,,
436,526,,
437,526,,
438,526,,
439,526,,
439,526,,
439,526,,
439,526,,
440,526,,
441,526,,
442,526,,
442,526,,
443,526,,
443,526,,
443,526,,
444,526,,
444,526,,
444,526,,
445,526,,
445,526,,
446,526,,
446,526,,
445,526,,
444,526,,
441,526,,
439,526,,
435,526,,
432,526,,
428,526,,
424,526,,
420,526,,
416,526,,
414,526,,
413,526,,
415,526,,
418,526,,
421,526,,
424,526,,
431,526,,
439,526,,
449,526,,
463,526,,
476,526,,
490,526,,
508,526,,
527,526,,
545,526,,
563,526,,
580,526,,
598,526,,
618,526,,
638,526,,
659,526,,
682,526,,
708,526,,
735,526,,
764,526,,
796,526,,
823,527,,
844,527,,
860,527,,
866,527,,
861,526,,
843,527,,
810,527,,
761,527,,
704,527,,
647,527,,
595,527,,
548,527,,
510,527,,
475,527,,
446,527,,
422,527,,
401,527,,
384,527,,
369,527,,
356,527,,
345,527,,
335,527,,
326,527,,
321,527,,
319,527,,
317,527,,
315,527,,
313,527,,
312,527,,
312,527,,
313,527,,
314,527,,
315,527,,
319,527,,
325,527,,
331,527,,
338,527,,
346,527,,
354,527,,
364,527,,
374,527,,
383,527,,
393,527,,
401,527,,
410,527,,
417,527,,
424,527,,
430,527,,
435,527,,
440,527,,
444,527,,
447,527,,
451,527,,
452,527,,
454,527,,
456,527,,
458,527,,
460,527,,
460,527,,
462,527,,
464,527,,
465,527,,
468,527,,
469,527,,
471,527,,
472,527,,
472,527,,
473,527,,
473,527,,
474,527,,
474,527,,
474,527,,
475,527,,
475,527,,
476,527,,
477,527,,
478,527,,
479,527,,
479,527,,
481,527,,
482,527,,
483,527,,
485,527,,
486,527,,
486,527,,
487,527,,
487,527,,
488,527,,
489,527,,
489,527,,
490,527,,
491,527,,
492,527,,
493,527,,
494,527,,
495,527,,
496,527,,
497,527,,
499,527,,
499,527,,
499,527,,
500,527,,
501,527,,
502,527,,
503,527,,
503,527,,
504,527,,
504,527,,
505,527,,
504,527,,
504,527,,
505,527,,
505,527,,
504,527,,
504,527,,
503,527,,
503,527,,
504,527,,
503,527,,
503,527,,
503,527,,
503,527,,
504,527,,
504,527,,
504,527,,
505,527,,
505,527,,
506,527,,
508,527,,
509,527,,
510,527,,
511,527,,
511,527,,
511,527,,
511,527,,
512,527,,
512,527,,
513,527,,
513,527,,
514,527,,
514,527,,
513,527,,
512,527,,
513,527,,
513,527,,
513,527,,
513,527,,
512,527,,
513,527,,
513,527,,
514,527,,
515,527,,
514,527,,
514,527,,
515,527,,
515,527,,
516,527,,
516,527,,
517,527,,
518,527,,
518,527,,
518,527,,
518,527,,
517,527,,
517,527,,
517,527,,
517,527,,
517,527,,
517,527,,
518,527,,
518,527,,
517,527,,
518,527,,
517,527,,
518,527,,
517,527,,
517,527,,
518,527,,
518,527,,
517,527,,
517,527,,
517,527,,
518,527,,
518,527,,
518,527,,
518,527,,
518,527,,
518,527,,
518,527,,
519,527,,
519,527,,
518,527,,
517,527,,
517,527,,
518,527,,
518,527,,
519,527,,
520,527,,
521,527,,
523,527,,
524,527,,
525,527,,
527,527,,
527,527,,
526,527,,
526,527,,
526,527,,
526,527,,
527,527,,
527,527,,
528,527,,
527,527,,
527,528,,
526,527,,
526,528,,
526,527,,
526,527,,
527,527,,
527,527,,
526,527,,
525,528,,
525,527,,
525,528,,
525,528,,
524,528,,
523,528,,
523,528,,
523,528,,
522,528,,
522,528,,
522,528,,
521,528,,
521,528,,
519,528,,
519,527,,
519,527,,
518,528,,
517,528,,
515,528,,
514,528,,
514,528,,
513,527,,
513,528,,
512,528,,
512,528,,
512,528,,
511,528,,
511,528,,
508,528,,
506,528,,
504,528,,
504,528,,
503,528,,
502,528,,
500,528,,
500,528,,
498,528,,
497,528,,
496,528,,
495,528,,
494,528,,
492,528,,
491,528,,
490,528,,
489,528,,
488,528,,
487,528,,
486,528,,
485,528,,
485,528,,
485,528,,
485,528,,
486,528,,
486,528,,
486,528,,
485,528,,
485,528,,
485,528,,
485,528,,
485,528,,
485,528,,
484,528,,
484,528,,
483,528,,
483,528,,
483,528,,
483,528,,
483,528,,
483,528,,
483,528,,
482,528,,
482,528,,
482,528,,
482,528,,
482,528,,
483,528,,
483,528,,
483,528,,
483,528,,
484,528,,
484,528,,
484,528,,
484,528,,
485,529,,
486,528,,
486,528,,
486,528,,
487,529,,
488,529,,
489,529,,
490,528,,
490,528,,
492,528,,
493,528,,
493,528,,
494,528,,
494,528,,
494,529,,
495,528,,
496,528,,
495,529,,
496,529,,
496,529,,
497,528,,
497,529,,
498,529,,
499,528,,
499,529,,
500,529,,
500,529,,
501,528,,
502,528,,
503,529,,
503,529,,
503,528,,
504,528,,
505,529,,
506,529,,
506,528,,
506,528,,
506,529,,
506,528,,
506,529,,
507,529,,
506,528,,
505,529,,
505,529,,
506,529,,
506,529,,
507,529,,
507,529,,
507,528,,
508,528,,
507,529,,
507,529,,
508,529,,
509,529,,
510,529,,
511,529,,
511,528,,
511,529,,
511,529,,
510,529,,
510,529,,
510,529,,
511,529,,
511,529,,
511,529,,
511,529,,
510,529,,
509,529,,
509,529,,
509,529,,
508,529,,
507,529,,
507,529,,
508,529,,
508,529,,
508,529,,
509,529,,
510,529,,
510,529,,
510,529,,
510,529,,
510,529,,
509,529,,
508,529,,
507,529,,
507,529,,
508,529,,
507,529,,
507,529,,
507,529,,
505,529,,
504,529,,
504,529,,
504,529,,
505,529,,
504,529,,
504,529,,
504,529,,
504,529,,
504,529,,
504,529,,
503,529,,
502,529,,
501,529,,
501,529,,
501,529,,
501,529,,
502,529,,
502,529,,
503,529,,
503,529,,
503,529,,
502,529,,
502,529,,
502,529,,
501,529,,
501,529,,
500,529,,
499,529,,
499,529,,
499,529,,
499,529,,
499,529,,
499,529,,
499,529,,
499,529,,
499,529,,
500,529,,
500,529,,
502,529,,
503,529,,
505,529,,
507,529,,
510,529,,
512,529,,
514,529,,
517,529,,
520,529,,
521,529,,
523,529,,
524,529,,
525,529,,
527,529,,
527,529,,
529,529,,
530,529,,
532,529,,
535,529,,
536,529,,
536,529,,
537,529,,
536,529,,
537,529,,
537,529,,
537,529,,
538,529,,
539,529,,
542,529,,
545,529,,
549,529,,
554,529,,
557,529,,
560,529,,
563,529,,
568,529,,
574,529,,
579,529,,
584,529,,
587,529,,
590,529,,
591,529,,
591,529,,
592,529,,
592,529,,
591,529,,
590,529,,
590,529,,
589,530,,
588,529,,
588,529,,
586,529,,
585,529,,
583,530,,
579,529,,
576,530,,
572,530,,
568,529,,
563,530,,
559,529,,
555,529,,
551,529,,
547,529,,
542,529,,
537,529,,
534,529,,
529,529,,
525,529,,
520,529,,
516,529,,
512,529,,
509,529,,
505,529,,
501,529,,
498,530,,
494,530,,
490,530,,
487,529,,
483,530,,
481,529,,
478,530,,
476,530,,
473,529,,
470,529,,
468,529,,
466,529,,
464,529,,
461,530,,
458,529,,
456,529,,
455,530,,
453,530,,
453,530,,
453,529,,
453,529,,
453,530,,
453,530,,
454,530,,
453,529,,
453,529,,
454,529,,
455,529,,
455,530,,
456,529,,
455,529,,
456,529,,
456,529,,
455,529,,
455,529,,
455,529,,
455,530,,
456,529,,
456,530,,
457,530,,
458,529,,
458,529,,
458,529,,
459,530,,
460,529,,
460,529,,
460,530,,
460,530,,
461,529,,
461,529,,
462,529,,
463,530,,
462,530,,
462,530,,
462,530,,
462,529,,
463,530,,
464,529,,
464,529,,
463,530,,
463,530,,
464,530,,
465,529,,
467,529,,
468,529,,
469,529,,
468,529,,
465,529,,
462,529,,
457,530,,
453,529,,
448,529,,
444,529,,
440,529,,
437,530,,
434,529,,
433,530,,
432,530,,
432,530,,
436,530,,
440,529,,
445,530,,
450,530,,
457,529,,
466,530,,
478,530,,
492,529,,
507,529,,
523,530,,
542,530,,
561,529,,
578,529,,
595,530,,
612,530,,
632,530,,
652,530,,
672,530,,
693,530,,
716,530,,
743,530,,
772,530,,
805,530,,
833,530,,
857,530,,
873,530,,
882,530,,
883,531,,
867,530,,
834,530,,
787,531,,
730,530,,
672,530,,
615,530,,
562,530,,
516,530,,
477,530,,
442,530,,
414,530,,
390,530,,
370,531,,
353,530,,
340,530,,
332,531,,
326,530,,
323,531,,
322,530,,
321,531,,
321,530,,
321,530,,
323,530,,
325,530,,
329,531,,
334,530,,
340,530,,
348,531,,
356,530,,
363,530,,
371,530,,
380,531,,
390,530,,
400,530,,
410,530,,
421,531,,
431,530,,
440,530,,
447,530,,
454,531,,
460,530,,
465,531,,
470,530,,
473,530,,
476,531,,
479,530,,
481,530,,
483,530,,
485,530,,
486,531,,
487,530,,
488,531,,
488,530,,
489,530,,
489,530,,
491,531,,
492,530,,
492,530,,
492,530,,
494,531,,
496,530,,
496,530,,
496,530,,
498,530,,
500,530,,
501,530,,
503,531,,
504,530,,
504,530,,
506,531,,
507,530,,
508,530,,
508,530,,
509,531,,
510,531,,
510,531,,
510,531,,
510,531,,
511,530,,
511,531,,
512,531,,
512,531,,
512,531,,
513,531,,
515,531,,
515,531,,
515,530,,
516,531,,
516,531,,
518,531,,
519,531,,
520,531,,
520,531,,
521,531,,
521,531,,
522,531,,
522,531,,
523,531,,
523,531,,
524,531,,
525,531,,
526,531,,
526,531,,
527,531,,
527,531,,
527,531,,
528,530,,
527,531,,
528,531,,
528,531,,
528,531,,
529,531,,
529,531,,
529,531,,
529,531,,
529,531,,
530,531,,
531,531,,
531,531,,
532,531,,
533,531,,
534,531,,
534,531,,
535,531,,
535,531,,
536,531,,
536,531,,
537,531,,
537,531,,
539,531,,
539,531,,
540,531,,
540,531,,
540,531,,
540,531,,
541,531,,
542,531,,
541,531,,
541,531,,
541,531,,
541,531,,
541,531,,
542,531,,
543,531,,
543,531,,
544,531,,
545,531,,
545,531,,
545,531,,
546,531,,
547,531,,
547,532,,
547,532,,
547,531,,
547,532,,
547,531,,
547,532,,
547,532,,
547,531,,
547,532,,
546,532,,
546,531,,
546,532,,
547,532,,
547,532,,
547,532,,
547,531,,
546,531,,
546,532,,
547,532,,
547,532,,
547,532,,
548,532,,
548,532,,
548,532,,
549,532,,
550,532,,
551,532,,
551,532,,
550,532,,
549,532,,
549,532,,
550,532,,
549,532,,
549,532,,
551,532,,
551,532,,
550,532,,
550,532,,
550,532,,
550,532,,
551,532,,
551,532,,
551,532,,
551,533,,
550,532,,
551,532,,
550,533,,
549,532,,
550,533,,
549,532,,
550,532,,
549,533,,
549,532,,
548,533,,
547,533,,
548,532,,
548,533,,
548,533,,
548,533,,
549,533,,
549,533,,
550,533,,
550,533,,
550,533,,
550,533,,
551,533,,
552,533,,
552,533,,
552,534,,
550,533,,
549,533,,
548,533,,
548,533,,
547,534,,
547,534,,
546,534,,
545,534,,
543,534,,
542,534,,
540,534,,
538,534,,
537,534,,
536,534,,
535,534,,
534,534,,
532,534,,
531,534,,
531,534,,
529,534,,
528,534,,
527,534,,
526,534,,
525,534,,
523,534,,
522,534,,
520,535,,
519,534,,
518,535,,
516,534,,
515,535,,
513,535,,
513,535,,
512,535,,
512,535,,
512,535,,
513,535,,
513,535,,
512,535,,
511,535,,
510,535,,
509,535,,
508,535,,
508,535,,
507,535,,
507,535,,
506,535,,
506,535,,
506,535,,
506,536,,
505,536,,
505,536,,
505,536,,
504,536,,
503,536,,
502,536,,
501,536,,
501,536,,
501,536,,
501,536,,
501,536,,
501,536,,
500,536,,
499,536,,
500,536,,
500,536,,
500,536,,
501,536,,
502,536,,
502,536,,
503,536,,
504,536,,
504,536,,
504,536,,
503,536,,
503,536,,
503,536,,
503,537,,
503,536,,
503,537,,
504,537,,
504,536,,
503,537,,
504,537,,
505,537,,
506,537,,
507,537,,
507,537,,
507,537,,
509,537,,
510,537,,
511,537,,
511,537,,
511,537,,
511,537,,
511,537,,
512,537,,
513,538,,
513,538,,
514,538,,
514,538,,
514,538,,
515,538,,
515,538,,
517,538,,
518,538,,
517,538,,
518,538,,
518,538,,
518,538,,
519,538,,
520,538,,
520,539,,
521,539,,
521,539,,
522,539,,
522,539,,
523,539,,
523,539,,
523,539,,
523,539,,
523,539,,
523,539,,
523,539,,
524,539,,
524,539,,
524,539,,
525,539,,
525,540,,
526,539,,
526,539,,
526,540,,
526,540,,
526,540,,
527,540,,
527,540,,
527,540,,
526,540,,
526,540,,
526,540,,
527,540,,
527,540,,
526,540,,
526,540,,
527,540,,
527,540,,
526,540,,
526,540,,
526,540,,
526,541,,
525,540,,
525,540,,
525,541,,
524,541,,
524,541,,
525,541,,
524,541,,
524,541,,
524,541,,
523,541,,
523,541,,
523,541,,
523,541,,
524,541,,
523,541,,
524,542,,
524,541,,
524,542,,
523,542,,
523,542,,
521,542,,
521,542,,
520,542,,
519,542,,
519,542,,
519,542,,
519,542,,
518,542,,
517,542,,
517,542,,
518,542,,
518,542,,
518,542,,
518,543,,
518,543,,
518,543,,
518,543,,
519,543,,
519,543,,
519,543,,
519,543,,
519,543,,
519,543,,
519,543,,
519,543,,
519,543,,
519,543,,
519,543,,
519,543,,
518,543,,
517,543,,
516,543,,
516,544,,
515,543,,
515,544,,
516,544,,
517,543,,
517,544,,
517,544,,
518,544,,
520,544,,
523,544,,
524,544,,
527,544,,
530,545,,
532,544,,
536,545,,
539,544,,
541,545,,
543,544,,
546,545,,
548,545,,
549,545,,
551,545,,
553,545,,
556,545,,
557,545,,
558,545,,
558,545,,
558,545,,
557,545,,
558,545,,
558,546,,
557,545,,
556,545,,
557,546,,
559,546,,
563,546,,
566,546,,
568,546,,
572,546,,
574,546,,
578,546,,
583,546,,
589,546,,
595,546,,
600,547,,
604,546,,
606,547,,
608,547,,
609,547,,
611,547,,
611,547,,
610,547,,
609,547,,
608,547,,
607,547,,
607,547,,
607,547,,
607,547,,
605,547,,
603,547,,
601,547,,
598,547,,
595,547,,
592,547,,
587,547,,
582,548,,
577,548,,
573,548,,
568,548,,
563,548,,
559,548,,
555,548,,
550,548,,
545,548,,
540,548,,
536,549,,
531,548,,
527,549,,
522,548,,
518,548,,
513,549,,
510,549,,
506,549,,
503,549,,
499,549,,
495,549,,
491,549,,
488,549,,
486,549,,
484,550,,
482,550,,
478,550,,
476,550,,
473,550,,
471,550,,
469,550,,
468,550,,
467,550,,
467,550,,
468,550,,
468,550,,
468,550,,
469,550,,
469,550,,
469,550,,
470,551,,
471,550,,
471,551,,
472,551,,
472,550,,
473,551,,
474,551,,
475,551,,
474,551,,
475,551,,
475,551,,
475,551,,
475,551,,
475,551,,
476,551,,
477,551,,
478,551,,
479,551,,
479,551,,
480,551,,
481,551,,
482,551,,
484,551,,
484,551,,
486,551,,
486,551,,
487,552,,
487,552,,
487,552,,
487,552,,
488,552,,
487,552,,
488,552,,
488,552,,
488,552,,
488,552,,
488,552,,
488,552,,
489,552,,
489,552,,
489,552,,
489,552,,
488,553,,
486,552,,
482,553,,
478,553,,
473,553,,
468,553,,
463,553,,
458,553,,
455,553,,
454,553,,
452,553,,
454,553,,
456,553,,
461,553,,
465,553,,
470,553,,
475,553,,
484,553,,
496,553,,
509,553,,
524,553,,
540,553,,
558,553,,
578,554,,
597,554,,
616,554,,
635,554,,
654,554,,
675,554,,
697,554,,
719,554,,
740,554,,
766,555,,
795,554,,
826,554,,
858,555,,
884,555,,
905,555,,
919,555,,
924,555,,
915,555,,
889,555,,
845,556,,
792,555,,
734,555,,
673,556,,
616,555,,
566,556,,
520,556,,
481,556,,
447,556,,
419,556,,
395,556,,
375,556,,
359,556,,
350,556,,
345,556,,
342,556,,
341,556,,
340,556,,
338,556,,
338,556,,
340,556,,
343,556,,
348,556,,
355,556,,
363,556,,
373,556,,
383,556,,
392,556,,
402,556,,
413,556,,
423,556,,
434,556,,
445,556,,
455,556,,
463,556,,
472,557,,
478,556,,
483,556,,
489,557,,
494,557,,
498,557,,
501,557,,
504,557,,
507,557,,
509,557,,
511,557,,
512,557,,
514,557,,
515,557,,
517,557,,
519,557,,
519,557,,
520,557,,
521,557,,
522,557,,
523,557,,
523,558,,
524,557,,
526,558,,
526,558,,
527,558,,
527,558,,
528,558,,
529,558,,
530,558,,
532,558,,
532,558,,
533,558,,
535,558,,
535,558,,
536,558,,
537,558,,
538,558,,
539,558,,
540,558,,
540,558,,
541,558,,
542,558,,
543,558,,
544,558,,
545,558,,
546,558,,
547,558,,
548,558,,
548,558,,
549,558,,
549,559,,
550,558,,
551,559,,
553,558,,
554,558,,
555,559,,
556,559,,
556,559,,
556,559,,
558,559,,
559,559,,
559,559,,
560,559,,
560,559,,
560,559,,
560,559,,
560,559,,
561,559,,
561,559,,
561,559,,
562,559,,
562,559,,
563,559,,
564,559,,
566,559,,
565,559,,
565,559,,
565,559,,
566,559,,
566,559,,
567,559,,
568,559,,
569,559,,
570,559,,
571,559,,
572,559,,
572,559,,
574,559,,
574,559,,
574,560,,
574,559,,
574,560,,
575,560,,
575,560,,
576,559,,
574,560,,
575,560,,
575,560,,
575,560,,
575,560,,
576,560,,
577,560,,
578,560,,
578,560,,
579,560,,
579,560,,
579,560,,
580,560,,
581,560,,
582,560,,
583,560,,
583,560,,
583,560,,
583,560,,
583,560,,
585,560,,
585,560,,
585,560,,
585,560,,
585,560,,
586,560,,
587,560,,
587,560,,
587,560,,
588,560,,
588,560,,
588,560,,
588,560,,
589,560,,
590,560,,
590,560,,
590,560,,
590,560,,
590,560,,
591,560,,
591,560,,
591,560,,
592,560,,
592,560,,
592,560,,
592,560,,
592,560,,
592,560,,
591,560,,
592,560,,
591,560,,
591,561,,
591,561,,
591,561,,
591,561,,
591,560,,
592,561,,
592,560,,
592,561,,
592,561,,
592,561,,
592,560,,
592,561,,
591,561,,
591,561,,
591,561,,
591,561,,
591,561,,
591,561,,
591,561,,
591,561,,
590,561,,
590,561,,
591,561,,
591,561,,
591,561,,
591,561,,
591,561,,
591,561,,
591,560,,
591,561,,
591,561,,
591,561,,
591,561,,
592,561,,
591,561,,
590,561,,
590,561,,
588,561,,
588,561,,
587,561,,
586,561,,
585,561,,
584,561,,
583,561,,
582,561,,
582,561,,
581,561,,
580,561,,
579,561,,
579,561,,
578,561,,
576,561,,
575,561,,
573,561,,
572,561,,
570,561,,
569,561,,
568,561,,
567,561,,
566,561,,
566,560,,
565,561,,
564,561,,
563,561,,
562,561,,
560,561,,
560,561,,
560,561,,
559,561,,
557,561,,
556,561,,
555,561,,
553,561,,
552,561,,
551,561,,
551,561,,
550,561,,
550,561,,
549,561,,
548,561,,
548,561,,
548,561,,
547,561,,
547,561,,
546,561,,
546,561,,
546,561,,
545,561,,
545,561,,
544,561,,
544,561,,
544,561,,
545,561,,
544,561,,
544,561,,
543,561,,
543,561,,
543,561,,
544,561,,
543,561,,
544,561,,
544,561,,
543,561,,
543,561,,
544,561,,
543,561,,
543,561,,
543,561,,
544,561,,
544,561,,
545,561,,
545,561,,
546,561,,
547,561,,
549,561,,
550,561,,
551,561,,
550,561,,
550,561,,
551,561,,
551,561,,
551,561,,
551,561,,
551,561,,
551,561,,
553,561,,
554,561,,
555,561,,
555,561,,
556,561,,
555,561,,
555,561,,
556,561,,
556,561,,
557,561,,
557,561,,
559,561,,
560,561,,
560,561,,
560,561,,
560,561,,
562,561,,
562,561,,
562,561,,
562,561,,
562,561,,
563,561,,
563,561,,
563,561,,
563,561,,
564,561,,
565,561,,
564,561,,
564,561,,
564,561,,
564,561,,
565,561,,
565,561,,
565,561,,
565,561,,
566,561,,
566,561,,
567,561,,
566,561,,
567,561,,
566,561,,
566,561,,
566,561,,
566,561,,
566,561,,
565,561,,
